0,Tianna,Lele,38,4506778.5,false,1999-02-15
1,Jessika,Byerly,24,2688590.8,false,1999-12-04
2,Virgina,Presser,55,4842252.5,false,2016-07-17
3,Ronald,Massenburg,59,8201045.5,false,1997-05-31
4,Maida,Warmbrodt,45,1360727.9,false,1993-11-21
5,Melissa,Bluett,47,8818591.0,false,1997-10-24
6,Lane,Sandell,42,4943195.5,false,1989-05-13
7,Lavera,Bubash,34,3295311.3,false,2007-07-05
8,Kassandra,Yoast,45,2217908.3,false,1978-06-03
9,Elva,Bostian,55,7954258.5,false,1984-09-05
10,Opal,Palmisciano,59,5304334.5,false,2019-04-20
11,Cecelia,Abling,56,6777778.5,false,1977-04-23
12,Hannah,Eckley,57,5786253.0,false,1997-08-04
13,Dione,Vegter,38,9477468.0,false,1989-04-19
14,Brianne,Horras,38,2458843.8,false,1982-06-21
15,Brittny,Conklin,53,5027513.0,false,1998-03-08
16,Emelda,Amsley,31,5144923.0,false,1977-03-28
17,Reynalda,Naze,40,4980661.5,false,2019-03-02
18,Brigida,Mckenty,54,5270115.5,false,2000-09-26
19,Mozell,Farnsworth,38,6387299.5,false,2010-04-05
20,Thalia,Schmelzle,58,3142105.8,false,1970-11-19
21,Myong,Pair,49,3248603.8,false,2020-06-19
22,Pa,Speicher,47,7195998.5,false,2004-07-29
23,Laurene,Blicker,38,4656519.5,false,1995-05-20
24,Miguelina,Dermody,33,2258762.0,false,1984-05-20
25,Angella,Flatten,35,863124.2,false,1982-04-22
26,Lavera,Tiedemann,26,6588267.5,false,2001-07-02
27,Thanh,Wolfgramm,41,2416294.5,false,1986-08-19
28,Michell,Heidenescher,29,3275574.5,false,1994-04-24
29,Marni,Flatau,36,9611674.0,false,2019-02-01
30,Vernie,Prati,40,3095232.0,false,2007-01-03
31,Bernita,Osche,33,7176827.5,false,1991-03-28
32,Jillian,Schwarzenbach,44,824121.6,false,2011-04-06
33,Maggie,Binkerd,45,7625262.5,false,1975-06-01
34,Tristan,Ranieri,53,3528019.8,false,2019-02-09
35,Helene,Zumot,56,7319747.0,false,2010-09-24
36,Zelma,Hanhan,52,5219993.5,false,2019-08-09
37,Kaila,Mccullough,47,431633.9,false,2008-10-04
38,Kyung,Hecke,56,9227928.0,true,1993-03-03
39,Aleshia,Davirro,39,4743946.5,false,1993-06-22
40,Gwendolyn,Jarquin,55,7994484.5,false,1994-03-08
41,Berneice,Toniatti,51,8465881.0,false,2002-07-03
42,Maricela,Blasini,23,3939286.5,false,1974-02-16
43,Rachel,Kreul,39,6198128.0,false,1990-09-04
44,Angelia,Pagano,25,7686432.5,false,1971-05-17
45,Venus,Versteegh,58,3965524.3,false,1975-11-15
46,Pamelia,Thompson,54,5674877.0,false,1976-12-29
47,Michiko,Domin,56,2240968.8,false,2013-09-06
48,Margery,Vanwagner,30,2693122.0,false,1993-02-26
49,Jenise,Zuber,21,1008802.4,false,1987-08-07
50,Harriett,Gard,52,8821245.0,false,1977-10-18
51,Sung,Stuckmeyer,58,7782005.0,false,2015-12-10
52,Ocie,Nicola,45,8527461.0,false,1979-08-06
53,Bridgett,Wilbanks,23,4463935.0,false,1976-07-08
54,Tashia,Linson,29,5562571.0,false,1993-12-09
55,Evie,Fossen,27,8344051.5,false,1981-06-03
56,Gregory,Reddick,50,35672.1,false,2017-03-20
57,Shelli,Coren,53,4018584.3,false,1992-05-23
58,Stefania,Enix,50,6454654.5,false,2000-12-30
59,Shemeka,Brilliant,22,8433418.0,false,1993-04-01
60,Signe,Parenti,48,4496596.5,false,1970-06-22
61,Rebecca,Tooze,28,2271051.3,false,2021-08-14
62,Mariah,Pashia,28,2355018.0,false,2017-11-23
63,Anita,Sirna,26,3094399.5,false,2012-09-03
64,Vinnie,Hommell,41,6984216.5,false,1997-04-25
65,Marceline,Swolley,33,8570658.0,false,2017-09-03
66,Brook,Orkwis,52,4719948.0,false,2017-10-23
67,Ute,Rulon,37,3854075.8,false,1976-10-03
68,Tomiko,Veazey,26,4285813.0,false,2011-05-16
69,Lolita,Andreassen,59,8736566.0,false,1974-04-14
70,Janie,Spika,45,792762.6,false,1971-06-14
71,Aliza,Vien,21,6846157.0,false,1990-12-09
72,Margot,Degrande,36,1504589.6,false,2008-02-18
73,Dominique,Ortmeier,24,2958218.8,false,1994-07-12
74,Lisette,Gonsiewski,31,6951782.5,false,1986-08-15
75,Isidra,Cyphers,28,381545.3,false,1972-12-03
76,Barbar,Floris,43,4278341.5,false,1999-01-09
77,Gabriel,Kimple,42,4816042.5,false,2010-11-09
78,Claudine,Stana,24,6466674.0,false,1976-11-17
79,Linnie,Fragman,39,6704354.5,false,1993-10-20
80,Taneka,Lucchese,58,9261393.0,false,1998-04-07
81,Nedra,Cichon,27,7302457.0,false,1978-01-29
82,Myrtle,Dipanfilo,28,3919278.0,false,2019-10-25
83,Katina,Habisch,26,595899.8,false,1986-03-07
84,Haley,Seepersaud,46,2262649.0,false,2019-06-30
85,Estell,Gropp,37,1491820.5,false,2005-03-30
86,Providencia,Machan,34,2023249.5,false,1977-05-03
87,Geralyn,Barck,24,998283.9,false,2000-02-18
88,Doloris,Dresher,37,4446703.0,false,2014-05-13
89,Debbra,Rheingans,26,5869717.5,false,2003-07-31
90,Clotilde,Valladolid,22,3702385.3,false,2003-04-03
91,Rosa,Garness,38,6244231.0,false,2004-12-01
92,Graciela,Mildenstein,35,9025811.0,false,1977-10-18
93,Minh,Solas,31,6749601.5,false,2013-09-22
94,Carrol,Benkosky,40,5355623.5,false,1996-07-20
95,Hilde,Hague,36,4493393.5,false,2018-11-03
96,Shelley,Bouck,26,1852503.5,false,1970-11-05
97,Arlette,Cabello,58,5184147.5,false,1979-02-26
98,Rina,Hillegass,35,5056972.0,false,1972-06-06
99,Charlotte,Berretti,52,3782663.5,true,1987-11-20
100,Katrice,Winge,59,3353214.5,false,1998-12-05
101,Sierra,Mcconville,54,571850.5,false,2004-09-09
102,Lu,Elizondo,25,4068345.5,false,1987-08-17
103,Leora,Albritton,32,8552321.0,false,2004-01-01
104,Rayna,Mable,25,8770449.0,false,1988-11-10
105,Sherika,Barben,57,2629445.0,false,2012-08-21
106,Alida,Real,22,9492113.0,false,2001-09-27
107,Pearline,Heline,40,2149014.0,false,2009-04-22
108,Janene,Killean,59,2147694.0,false,1994-09-29
109,Ayanna,Korynta,57,917832.8,false,2017-09-20
110,Eric,Cyran,26,8143757.5,false,2017-05-13
111,Thao,Mulkhey,39,538195.8,false,1977-09-18
112,Nova,Miro,48,9105539.0,false,1970-02-20
113,Lisa,Molpus,28,2320535.0,false,1980-10-22
114,Ryan,Sancrant,20,4633117.0,false,1981-12-12
115,Evangelina,Orhenkowski,58,443768.2,false,2005-03-18
116,Layla,Spanger,40,7182405.5,false,2016-09-03
117,Kellye,Ermitano,35,4044272.5,false,2006-06-08
118,Camelia,Vetter,26,9226439.0,false,1989-02-24
119,Tamela,Trotto,41,2759236.0,false,1985-09-20
120,Carola,Mosconi,26,2807978.3,false,1973-09-29
121,Tommy,Odgen,57,6758285.5,false,1992-01-17
122,Violeta,Barlage,53,2402030.3,false,1981-10-09
123,Simone,Totter,51,9846551.0,false,2012-09-17
124,Minerva,Creehan,38,8609911.0,false,1972-12-09
125,Fawn,Dawber,38,8834844.0,false,2009-12-17
126,Emelia,Betesh,33,7969326.0,false,1973-11-11
127,Coretta,Cabanas,44,3412292.3,false,2007-02-28
128,Angela,Thieman,41,9548701.0,false,1992-06-13
129,Raeann,Setlak,22,9616351.0,false,1985-12-15
130,Tami,Bastidos,21,4941.3,false,2003-09-26
131,Lizzie,Bruschke,53,9952816.0,false,2004-08-29
132,Pat,Galeano,46,1234155.8,false,2021-07-29
133,Antonietta,Engelsman,43,5668895.0,false,2004-09-16
134,Micah,Rhoden,37,5532752.5,false,1995-03-29
135,Ciara,Korey,20,8119141.0,false,1998-08-16
136,Sarah,Santizo,48,8486566.0,false,1974-05-24
137,Mechelle,Keitzer,39,3898878.0,false,1977-12-31
138,Jeannie,Wease,39,5036591.0,false,2016-01-17
139,Dinah,Batcher,57,425620.4,false,2020-10-03
140,Janeen,Tsironis,55,1208255.4,false,1971-12-10
141,Marry,Brandner,23,2494582.3,false,1984-02-11
142,Alisa,Troyano,22,4336296.5,false,2006-06-17
143,Lida,Newsham,32,5741723.5,false,1974-05-09
144,Zandra,Cooler,26,7794673.5,false,2000-03-14
145,Karl,Halling,58,9114982.0,false,1983-07-03
146,Virgie,Tacderan,51,5174604.5,false,1984-02-10
147,Nickole,Kruml,44,5000782.5,false,1972-12-11
148,Pam,Vaca,55,6374183.0,false,1978-06-28
149,Jene,Cherrin,54,7016050.0,false,2006-08-06
150,Tiara,Sevick,23,4339914.5,false,1973-11-23
151,Marilyn,Borr,30,3787632.3,false,1970-11-27
152,Patricia,Clemenza,34,7183961.5,false,1975-06-08
153,Brinda,Ripley,34,7629304.5,false,1994-01-03
154,Kirsten,Doegg,22,8615598.0,false,1996-01-11
155,Juana,Hammill,35,9590511.0,false,1996-06-26
156,Shu,Peraha,28,2099824.3,false,2003-01-21
157,Sondra,Kicker,58,5998175.0,false,1995-10-11
158,Dorotha,Lavan,29,3690503.8,false,2000-07-31
159,Bess,Vandy,35,4542586.0,false,1991-09-06
160,Loris,Pinal,49,6569501.5,false,2010-05-09
161,Aracelis,Bruun,31,5704947.0,false,1998-12-17
162,Sasha,Rentas,30,3327448.0,false,2021-05-16
163,Daniela,Purdin,52,9808641.0,false,2005-12-07
164,Krystyna,Wainkrantz,57,6521337.0,false,1981-08-15
165,Billie,Avary,20,6382544.0,false,1973-05-23
166,Lesa,Willand,48,5447985.0,false,2018-08-08
167,Hermina,Vanlaar,32,1249256.3,false,2008-07-24
168,Bobbye,Prevett,46,2717601.0,false,1996-05-12
169,Marilee,Ogle,20,2002049.6,false,2019-03-04
170,Madlyn,Ellsmore,57,3630781.0,false,1990-04-04
171,Chrystal,Heishman,29,3942208.0,false,1978-06-17
172,Lili,Rucinski,51,4279282.0,false,1984-06-05
173,Britany,Mcneff,59,5396120.0,false,1985-10-18
174,Miguelina,Zboral,54,4396248.5,false,1988-03-07
175,Sherrell,Perot,50,7658316.0,false,2019-05-09
176,Sanjuanita,Lederman,36,1506509.3,false,1994-07-18
177,Rebecca,Robitaille,59,6216759.5,false,1999-06-14
178,Pamella,Ruehl,53,7856668.5,false,2008-01-26
179,Le,Arciga,37,3489046.3,false,2001-09-15
180,Marinda,Gearhart,43,1563049.9,false,2009-05-30
181,Nicky,Modica,25,134223.3,false,2010-08-29
182,Sheridan,Mullenaux,38,1662989.8,false,2020-04-10
183,Terese,Higuchi,42,8199014.0,false,2005-07-17
184,Toshiko,Kulbeth,37,626166.9,false,1978-11-10
185,Meg,Dluhy,48,8120176.0,false,2007-02-22
186,Gaye,Centner,32,9994515.0,false,1982-07-28
187,Johnna,Culton,43,8276855.0,false,1999-09-14
188,Beckie,Bebber,22,6709561.0,false,1993-06-04
189,Lida,Orihuela,23,4390699.5,false,1995-09-30
190,Eric,Koerwitz,47,5134721.5,false,2017-11-08
191,Leanne,Mcfarlen,45,6733004.0,false,1991-06-24
192,Charlette,Lenhardt,23,2736934.3,false,2013-04-21
193,Sharlene,Sasse,40,5556126.0,false,2008-02-28
194,Suzanna,Katos,42,2093483.0,false,1995-05-26
195,Deidra,Dever,25,7151804.0,false,2006-07-08
196,Rosalba,Kanda,25,2763408.0,false,1979-09-28
197,Loan,Ware,21,1784917.4,false,2022-01-29
198,Selene,Marean,26,2925204.8,false,2000-06-10
199,Dorian,Loertscher,42,8646614.0,false,1971-04-09
200,Virgina,Bradish,38,7000600.5,false,2007-09-14
201,Ladonna,Bolon,32,7759621.5,false,1985-02-28
202,Mariann,Schackow,24,269951.0,false,1982-10-26
203,Erminia,Detwiler,56,5427522.0,false,2016-04-15
204,Lucrecia,Poister,36,1857167.6,false,1993-07-22
205,Olene,Abramek,25,4885105.0,false,1979-10-01
206,Janel,Faupel,38,22971.7,false,1972-02-29
207,Jenna,Goslee,46,3665162.3,false,1978-12-09
208,Avery,Grof,20,6656335.0,false,1976-11-02
209,Mariela,Vailes,42,9726189.0,false,1987-05-20
210,Sherilyn,Langbein,36,7031783.0,false,1973-08-08
211,Suzy,Wiltberger,28,6834496.5,false,2010-07-07
212,Fannie,Kallenberg,22,7501171.5,false,1987-10-20
213,Kimber,Wolcott,43,8613057.0,false,2000-02-18
214,Shenita,Peterkin,29,8000313.0,false,1985-01-30
215,Karrie,Tabatabai,47,7143999.0,false,1972-12-15
216,Alena,Lotshaw,34,6120961.0,false,1971-02-27
217,Lashonda,Wayde,41,7445359.5,false,2003-08-05
218,Aurora,Leitman,51,3037083.3,false,2014-08-24
219,Pearle,Lyness,56,6746396.5,false,1976-08-23
220,Odell,Fife,45,662528.7,false,2005-01-09
221,Bunny,Umberger,41,3243548.8,false,2004-10-05
222,Mitsuko,Goldey,27,2891590.5,false,1998-01-05
223,Raquel,Weekley,45,7944989.5,false,1973-04-25
224,Naomi,Personius,23,9082645.0,false,2012-09-29
225,Tomiko,Sandness,22,5275837.0,false,1974-07-23
226,Daryl,Messner,30,1403340.4,false,1999-01-02
227,Roberta,Hoots,38,1946620.5,false,1973-05-08
228,Juli,Facer,43,8017307.5,false,2011-08-19
229,Coralee,Karhoff,51,9772232.0,false,2010-04-17
230,Marylee,Keiser,56,9001106.0,false,1988-12-27
231,Nichol,Bare,34,3810649.3,false,1976-07-23
232,Inell,Balla,51,6285171.0,false,2015-04-10
233,Ines,Jojola,48,2740532.3,false,1978-07-13
234,Signe,Henigan,52,9746226.0,false,1973-10-07
235,Karren,Neathery,55,3402484.0,false,2008-10-20
236,Alysia,Fagg,46,3125282.8,false,1985-08-08
237,Leann,Awtry,46,9578126.0,false,2013-10-22
238,Annis,Barbie,21,6393670.0,false,2003-10-28
239,Chery,Lehigh,35,7366279.5,false,1974-07-27
240,Vera,Harkley,23,3676567.0,false,2001-11-07
241,Wendi,Matza,42,9230493.0,false,2015-12-06
242,Alice,Vassallo,53,5427928.0,false,1978-04-10
243,Brigid,Palma,54,982533.7,false,1973-05-10
244,Claire,Selem,30,9633612.0,false,2009-11-23
245,Lai,Spigutz,54,291544.8,false,1983-10-03
246,Ellie,Lacount,43,6246176.5,false,2002-10-12
247,Rosamond,Bertch,24,1953955.4,false,1977-02-04
248,Abbie,Kilton,35,5113406.0,false,2008-07-16
249,Jaime,Funicello,26,407538.1,false,1996-02-12
250,Cristie,Holford,33,9243600.0,false,1975-07-22
251,Tanisha,Jeska,21,7736521.0,false,1985-02-02
252,Oliva,Henk,57,9378438.0,false,2004-10-03
253,Dionne,Iozzi,51,1375902.9,false,1977-05-22
254,Gilda,Floro,39,9826629.0,false,2002-02-16
255,Marjory,Roider,33,6057466.0,false,1996-08-15
256,Savannah,Schaal,54,4207965.5,false,2013-04-20
257,Jami,Oberloh,42,1671235.3,false,1973-10-29
258,Vonnie,Feiteira,43,9883716.0,false,1994-09-20
259,Muriel,Quizon,23,6533482.0,false,1975-09-30
260,Joni,Simmond,24,6015284.5,false,1992-02-25
261,Carmelita,Tam,56,3120647.8,false,2018-10-08
262,Chery,Lebaugh,42,1381403.3,false,1998-01-13
263,Darla,Gossman,33,5096131.5,false,2017-04-24
264,Antonietta,Behan,38,4045310.0,false,2021-01-26
265,Yuri,Terada,59,8692035.0,false,1999-11-18
266,Judy,Louris,21,4607691.5,false,2014-09-13
267,Delisa,Ault,28,8398046.0,false,1988-12-16
268,Ammie,Tanen,20,9066010.0,false,2009-11-11
269,Adele,Duggin,55,8946621.0,false,2018-07-28
270,Dana,Delanuez,20,2257217.3,false,1974-09-20
271,Paige,Vincelette,45,4397685.5,false,1999-09-04
272,Barbera,Babin,34,3558981.8,false,1985-08-17
273,Oliva,Gonzales,36,3374634.3,false,1999-08-12
274,Shirely,Lynge,52,8773077.0,false,1978-09-11
275,Eleanore,Mastromarino,47,8593649.0,false,2009-09-03
276,Ciera,Gagney,27,8307844.0,false,1978-07-16
277,Sheridan,Charette,24,4087450.0,false,1998-10-04
278,Hermina,Mollicone,37,1456835.5,false,1972-09-26
279,Rosina,Hamers,30,5951427.0,false,2016-07-04
280,Mathilda,Kaz,32,3693382.8,false,2008-07-14
281,Caitlin,Hankin,22,3192054.8,false,1997-06-29
282,Clarine,Tovmasyan,45,9950401.0,false,1971-07-11
283,Shanon,Kopacz,31,856459.3,false,1981-08-31
284,Karey,Sawrey,51,1315488.4,false,2005-07-01
285,Verdell,Waltemath,50,2813532.8,false,1997-05-06
286,Candace,Mcpartlin,38,7717961.5,false,1992-10-20
287,Aja,Burian,43,1965587.8,false,2006-05-06
288,Ella,Tolchin,29,7563533.0,false,1998-03-03
289,Lucile,Branca,59,800061.0,false,1995-10-23
290,Terrie,Langhorne,41,1293690.8,false,1996-04-08
291,Terese,Waska,41,3054233.5,false,1999-03-10
292,Nicolasa,Derbyshire,26,7207323.5,false,2002-07-05
293,Rosalva,Lesniewski,52,9014887.0,false,2008-06-29
294,Sheilah,Gally,43,3133018.8,false,2007-04-20
295,Lesia,Berndt,51,9256006.0,false,1971-08-27
296,Nada,Kirschenman,51,6001582.0,false,1976-01-04
297,Hedy,Talarico,28,6071313.0,false,1983-12-03
298,Lynette,Alexader,47,2864383.0,false,1996-02-11
299,Phoebe,Gabbett,39,6003821.0,false,2012-02-10
300,Florance,Duster,44,2357905.0,false,2019-02-22
301,Stefanie,Curbow,47,8299878.5,false,2019-11-06
302,Melynda,Suda,43,4953572.5,false,1989-03-25
303,Nova,Floan,37,5806666.0,false,1977-11-16
304,Syreeta,Thobbs,44,3587648.3,false,1989-08-02
305,Leda,Steinmiller,51,1875913.3,false,2022-02-11
306,Yasmine,Voracek,32,6603936.5,false,2022-03-07
307,Marlys,Gauthreaux,50,3549360.3,false,1982-08-16
308,Shawana,Persico,20,8721738.0,false,2004-03-15
309,Yoko,Heiser,27,7277895.5,false,2007-01-07
310,Caren,Hebeisen,48,9825411.0,false,1984-07-22
311,Leota,Felling,33,1971816.5,false,2008-05-18
312,Shelley,Menden,46,5173058.5,false,1974-04-12
313,Sadie,Buendia,40,2898297.0,false,2000-12-24
314,Joanne,Baldo,45,2323728.3,false,1986-03-26
315,Temeka,Strohecker,51,2205574.5,false,1991-07-23
316,Jasmine,Tawwab,35,6828480.0,false,2005-10-19
317,Dayle,Loter,53,6549127.5,false,1997-09-06
318,Refugia,Gokey,31,1693348.8,false,1995-10-12
319,Regenia,Revay,43,5629232.0,false,1993-09-30
320,Jeane,Blackwood,24,8703447.0,false,2005-03-18
321,Annamarie,Carothers,42,2079913.0,false,2021-06-11
322,Adelia,Bohlander,32,1052344.6,false,1972-07-05
323,Gaynell,Whybrew,33,2305071.5,false,1995-02-04
324,Marcella,Macphee,20,6882142.5,false,1987-09-16
325,Sharita,Dohrn,26,3791531.3,false,2019-03-15
326,Isa,Okel,26,606247.9,false,1976-03-12
327,Lashawn,Hemingway,48,431051.6,false,2004-03-08
328,Velia,Aeschbacher,49,2684772.3,false,2016-07-18
329,Annalee,Human,38,7416340.0,false,2005-02-12
330,Henry,Theurer,39,5866133.5,false,1973-10-25
331,Emerald,Ohren,57,4367096.5,false,1994-09-14
332,Glenda,Peplau,21,8594308.0,false,1995-02-01
333,Claribel,Stauber,43,8312841.0,false,2002-03-24
334,Thuy,Josich,42,7479228.5,false,1978-09-11
335,Stacie,Saber,27,4201249.0,false,1999-12-27
336,Desirae,Deanne,20,8663269.0,false,1997-10-10
337,Emelia,Petruska,25,7158972.5,false,1984-01-20
338,Garnet,Arn,45,7869048.5,false,2021-12-08
339,Caprice,Casciano,54,9906846.0,false,2008-10-14
340,Elouise,Ruhman,25,5428172.0,false,1981-12-14
341,Yesenia,Seider,29,8103447.5,false,2016-06-12
342,Tarsha,Capers,36,564771.9,false,1976-07-25
343,Danna,Lurry,34,2203128.0,false,1999-06-29
344,Donya,Farkas,57,1194478.5,false,1992-10-07
345,Gwenn,Behrend,49,3276068.0,false,2007-01-26
346,Davida,Frutos,50,6111762.0,false,1973-11-23
347,Morgan,Blosfield,30,5969909.5,false,1973-08-20
348,Teodora,Lepetich,47,3492885.3,false,1984-04-12
349,Theresia,Brighter,22,5085864.0,false,2019-07-25
350,Annie,Ehrisman,25,1009068.8,false,1985-01-12
351,Delana,Juvera,46,2673758.5,false,1995-06-09
352,George,Mccage,31,8260866.5,false,1993-08-24
353,Sheron,Suddith,58,8699724.0,false,2006-06-13
354,Jamey,Huie,30,8507425.0,false,1974-04-15
355,Lara,Battie,39,414974.3,false,2003-03-27
356,Leola,Gagnier,33,2629455.8,false,1981-12-20
357,Thea,Lafarga,43,8465464.0,false,1997-11-28
358,Melina,Fenger,25,6444982.0,false,2014-10-05
359,Almeda,Piotrowski,20,8161618.0,false,1988-12-22
360,Hilde,Braly,54,8938749.0,false,2018-07-12
361,Karma,Vittorio,29,2531056.5,false,2006-06-25
362,Genie,Yocum,57,4957019.0,false,1981-07-20
363,Aida,Mounkes,49,3938163.0,false,2013-05-15
364,Gregory,Amesquita,22,7054441.0,false,2005-01-20
365,Rosaura,Nguyn,43,5565830.5,false,1987-10-23
366,Elly,Stoker,21,1574513.1,false,1981-01-24
367,Christen,Killgore,51,1708769.3,false,2007-11-28
368,Patricia,Spomer,56,383608.7,false,1994-05-07
369,Arvilla,Abarca,55,1026510.4,false,1981-10-08
370,Rosalee,Romani,24,2651777.8,false,1976-09-06
371,Johnie,Cerni,42,1852294.9,false,2016-11-12
372,Dorian,Hledik,30,3503506.3,false,1981-06-12
373,Fiona,Zeeman,34,4939837.5,false,1976-12-04
374,Carli,Fusco,43,6657418.5,false,2017-04-21
375,Serita,Yurkanin,30,1097535.9,false,2002-02-14
376,Neta,Russer,53,2118875.5,false,2000-09-07
377,Tanisha,Sailer,51,1831727.4,false,2007-11-08
378,Brett,Sandelius,51,4182489.0,false,2011-02-01
379,Jeniffer,Marney,27,9802397.0,false,2013-10-22
380,Bobbye,Kovacich,37,5686303.5,false,1987-03-16
381,Angelique,Pickl,46,5064848.0,false,1970-12-24
382,Laticia,Barnhart,34,86539.6,false,1979-12-05
383,Cecile,Stiehm,22,8957587.0,false,1995-10-16
384,Shelba,Gallaher,50,7866643.5,false,1973-01-03
385,Cecile,Ternes,23,6746536.5,false,1994-07-23
386,Ophelia,Lemans,31,7141453.5,false,1979-09-01
387,Nova,Hollinghurst,58,7419870.5,false,1987-11-04
388,Marcelina,Cumens,39,3952689.0,false,1990-10-06
389,Danita,Keithly,34,6695596.0,false,1994-12-10
390,Carmela,Mundhenk,34,1747534.1,false,1989-01-06
391,Solange,Padel,58,310193.2,false,1990-12-07
392,Erica,Bervig,22,6174367.5,false,2014-07-25
393,Debroah,Ersery,26,4461846.5,false,1987-03-03
394,Sheron,Smedes,30,8371031.5,false,2011-05-22
395,Cathi,Hilz,52,7701526.5,false,2017-08-06
396,Ardell,Ehinger,58,1808578.0,false,1992-02-06
397,Shaneka,Hosch,46,5544908.5,false,1983-07-17
398,Katharine,Tomanek,48,2626686.8,false,2007-10-26
399,Bridgette,Casareno,39,6285658.5,false,2017-08-07
400,Sudie,Amert,25,4286934.5,false,2022-01-01
401,Erin,Amspoker,42,4950856.5,false,2013-05-30
402,Nell,Coursey,52,4884040.0,false,2010-01-26
403,Kathaleen,Funck,47,9674039.0,false,2009-09-09
404,Annis,Hancin,32,5792402.5,false,1973-11-18
405,Deirdre,Steeber,27,3683758.3,false,2021-03-21
406,Tomeka,Chopp,58,8615887.0,false,1981-03-25
407,Kyle,Buechler,21,6724598.0,false,2010-02-21
408,Ericka,Tork,53,9933438.0,false,1991-09-19
409,Claribel,Kloefkorn,39,1226788.8,false,1998-01-14
410,Hellen,Kranich,30,2234060.3,false,2006-04-24
411,Danna,Vasilauskas,45,3793216.0,false,1979-05-26
412,Augustine,Babjeck,43,279561.3,false,1989-05-18
413,Ashly,Quereto,51,9906413.0,false,2020-03-22
414,Rosaline,Mcivor,53,249792.3,false,2012-07-01
415,Jolanda,Arlen,27,1144643.9,false,1999-08-05
416,Daphine,Villiard,24,8645833.0,false,1972-10-07
417,Penny,Cardle,59,5751169.5,false,2010-03-16
418,Nancie,Harnack,21,8939623.0,false,2009-07-21
419,Rosalba,Kobak,29,8960298.0,false,1982-10-18
420,Pearl,Bernosky,36,1909816.5,false,2020-09-28
421,Willette,Winterrowd,36,7654942.5,false,2019-05-11
422,Rosaria,Kiko,20,1008139.7,false,1990-05-11
423,Dana,Boursiquot,54,8635067.0,false,1991-02-23
424,Carmelina,Stockbridge,33,8906362.0,false,1984-11-01
425,Gayle,Vandiford,54,4972044.5,false,1992-05-20
426,Lyla,Sobania,34,8850922.0,false,2004-06-30
427,Brigitte,Grazier,59,650458.2,false,2002-08-04
428,Kevin,Ingargiola,41,6816084.5,false,1977-09-06
429,Mechelle,Holtkamp,49,3222274.3,false,2017-07-31
430,Guadalupe,Dalesandro,41,8785317.0,false,1989-01-19
431,Kathlene,Walema,31,6423141.5,false,1970-05-25
432,Coreen,Galashaw,41,2342328.3,false,1977-04-16
433,Shanon,Lavin,31,7929949.5,false,1998-01-27
434,Katrice,Grewe,52,9387444.0,false,2005-08-03
435,Mariel,Dolak,27,4222617.5,false,1971-03-03
436,Jade,Ottrix,26,7816724.0,false,1972-06-08
437,Geraldine,Swirsky,30,9017047.0,false,2010-02-23
438,Dessie,Riordan,43,1494292.8,false,2010-07-13
439,Linnie,Varillas,48,910115.9,false,2009-10-27
440,Alejandrina,Dukich,34,8766679.0,false,1997-07-11
441,Charlene,Chepiga,58,1941646.4,false,2010-04-02
442,Darcie,Mittler,31,5964958.0,false,1986-02-14
443,Oleta,Lachowski,30,5013918.5,false,1993-01-10
444,Gertha,Blacher,53,6249220.0,false,1977-09-13
445,Yasuko,Trostle,34,7523867.0,false,1970-11-10
446,Soledad,Keddy,58,2460907.0,false,1975-05-10
447,Jeannette,Lass,57,9734277.0,false,1980-09-09
448,Myrna,Kimes,39,769582.3,false,1986-11-22
449,Frank,Done,49,5744875.5,false,2021-04-04
450,Joetta,Teichmiller,22,8791063.0,false,1998-01-08
451,Genoveva,Chuta,48,662406.5,false,2008-04-16
452,Nanci,Bartelt,28,7930542.5,false,2015-02-20
453,Tawanda,Berens,55,7598698.5,false,1995-11-06
454,Vinnie,Sullinger,41,8315977.0,false,2011-08-18
455,Janel,Magliocco,27,1014369.6,false,2008-10-01
456,Claudette,Agnello,45,4670917.0,false,2003-09-11
457,Jenell,Steckley,44,212642.1,false,1990-10-29
458,Shaina,Ailor,37,165499.5,false,2008-02-26
459,Winnie,Timothy,52,5264601.0,false,1979-03-23
460,Cara,Hoffa,49,4763870.5,false,1994-05-12
461,Chong,Denner,34,3850277.0,false,2015-01-27
462,Ronnie,Irons,54,5513867.0,false,1974-10-28
463,Martha,Jansing,39,4815877.0,false,2010-06-10
464,Jerry,Wittmann,31,291793.9,false,1981-03-06
465,Carley,Hylands,59,5079928.0,false,1981-12-16
466,Therese,Faigin,30,3931504.5,false,1997-05-26
467,Erline,Gaertner,42,4073530.0,false,1978-08-04
468,Jeannie,Ichinotsubo,56,4317450.0,false,2003-07-31
469,Sandi,Kreutzbender,52,3626006.0,false,1988-10-10
470,Irish,Nemerofsky,43,4777462.5,false,1997-05-24
471,Christel,Shorey,26,971391.8,false,1981-01-31
472,Mika,Zeherquist,52,4394521.5,false,2021-11-24
473,Eneida,Birdwell,31,733514.3,false,2016-02-21
474,Shoshana,Brzostek,55,1100472.4,false,2017-11-07
475,Palma,Eichberger,39,8205588.5,false,2009-03-27
476,Eliza,Ludington,45,2402500.5,false,1991-04-15
477,Christene,Erving,29,4228274.5,false,2016-12-20
478,Tereasa,Whittiker,37,2293555.8,false,1979-07-10
479,Cassidy,Bartha,34,8249516.5,false,2004-05-23
480,Madelyn,Janack,43,6334691.0,false,2012-07-04
481,Luetta,Tracewell,55,8249642.5,false,1992-12-31
482,Candyce,Hides,45,8100168.5,false,1983-02-15
483,Kendall,Lichlyter,59,8415359.0,false,2012-10-30
484,Roxana,Poirer,23,3361417.5,false,1995-12-04
485,Glynis,Iese,48,6075536.5,false,2015-10-14
486,Kelley,Delavega,33,645907.8,false,2008-12-13
487,Rosalee,Loepp,20,3306911.5,false,2012-12-12
488,Evie,Grivna,38,5046137.5,false,1987-09-03
489,Terry,Parizek,21,843661.6,false,1984-09-03
490,Dalila,Bockenkamp,56,4951349.0,false,2017-12-21
491,Micki,Deveja,47,981573.6,false,1985-09-21
492,Carolina,Broomhall,55,7226508.0,false,2019-04-01
493,Barbar,Mccelland,59,5090043.0,false,1979-02-09
494,Leila,Huntley,28,2110133.8,false,2018-03-08
495,Loni,Fero,46,2408643.3,false,1999-02-22
496,Tamesha,Simuel,27,8684066.0,false,2008-05-02
497,Tonia,Petrosino,34,4655037.0,false,2003-01-03
498,Tennie,Trussell,58,7702730.5,false,1982-04-15
499,Joanna,Giacolone,46,5685691.0,false,1973-11-25
500,Dominque,Hoskinson,28,2434249.8,false,1985-02-08
501,Alejandra,Matlin,26,3742469.5,true,1997-02-08
502,Olimpia,Outten,31,5286778.5,false,1990-12-08
503,Keli,Kliment,55,6091535.5,false,1979-05-21
504,Shonna,Dicke,46,9609406.0,false,1993-08-20
505,Hanna,Picknell,31,3994895.5,false,1986-02-24
506,Julia,Goeser,58,6553326.5,false,1994-12-19
507,Avis,Wisse,44,5414681.0,false,1979-01-02
508,Edna,Piraino,30,1048730.0,false,2022-01-11
509,Frances,Brocious,56,277015.8,false,2021-07-29
510,Marlana,Goldfine,49,4804809.5,false,2001-03-09
511,Santos,Rosko,58,8720340.0,false,1978-06-21
512,Eugene,Kura,28,5920777.0,false,1981-03-28
513,Kasey,Hilburn,53,2582150.0,false,1996-09-23
514,Felecia,Lapid,22,6960007.0,false,1994-11-08
515,Monserrate,Haroun,37,2524451.3,false,1997-02-10
516,Jocelyn,Reichenberg,21,4629395.5,false,2020-06-24
517,Ka,Gies,49,35744.8,false,2009-02-14
518,Natosha,Sansalone,56,6495877.5,false,2007-11-25
519,Zulma,Sgro,43,301857.7,false,2012-03-19
520,Martina,Colvin,51,5962576.0,false,1981-09-24
521,Randi,Setter,23,7784141.0,false,2013-04-04
522,Cordie,Walks,26,3267606.3,false,1980-11-23
523,Ramonita,Foecke,45,4948683.5,false,2019-03-31
524,Vannessa,Avala,36,2156967.5,false,2012-07-28
525,Irish,Nusbaum,53,6064225.0,false,1983-03-29
526,Joy,Kerens,57,7636113.0,false,1971-06-22
527,Donna,Fessler,41,2260168.5,false,1986-02-08
528,Phuong,Grauman,29,4593983.5,false,2014-08-21
529,Florida,Granzin,54,2409081.8,false,1970-02-04
530,Jacqulyn,Ocon,50,3875108.3,false,1980-11-12
531,Rochell,Schoene,55,4422426.5,false,1975-01-11
532,Sheryl,Ojard,45,9602868.0,false,2014-07-19
533,Danyell,Norkaitis,38,5936119.5,false,1977-11-05
534,Katy,Charters,33,9831378.0,false,1986-11-30
535,Jodi,Baldwyn,32,6528059.5,false,1975-01-05
536,Tiffani,Meres,52,205511.1,false,1978-07-31
537,Yolande,Kuhls,22,151504.0,false,2005-02-15
538,Annett,Zona,36,9622768.0,false,1974-03-25
539,Ronnie,Beverley,34,4015281.3,false,1999-08-26
540,Nena,Mckittrick,20,216314.5,false,1986-01-21
541,Evangelina,Catacun,24,7263055.5,false,1978-07-23
542,Kiara,Clair,28,4438669.0,false,1992-03-06
543,Lida,Spinosa,58,1470468.1,false,1988-03-26
544,Araceli,Axon,28,6779229.5,false,2013-07-22
545,Lucinda,Honohan,52,1306171.3,false,1988-12-31
546,Fabiola,Papen,21,7642621.5,false,2004-06-02
547,Avis,Breaker,27,5335914.0,false,2000-09-10
548,Ricki,Rodi,47,9556640.0,false,2014-10-23
549,Oliva,Greenspan,54,6537638.5,false,2014-03-12
550,Josephine,Byerly,53,67682.0,false,1991-10-13
551,Kristyn,Lovelady,43,3136131.0,false,2006-08-04
552,Raquel,Troisi,28,5658178.0,false,1973-06-22
553,Nena,Litzsinger,52,5510156.5,false,2014-05-28
554,Kathern,Bellmore,53,8899996.0,false,1995-09-08
555,Detra,Erdos,54,9299243.0,false,1978-08-02
556,Vivan,Gonneville,44,4491678.5,false,1987-01-05
557,Lucina,Malizia,31,1768776.9,false,2012-03-08
558,Inell,Falls,49,8696949.0,false,1986-11-23
559,Dinah,Villalva,48,3633368.8,false,2007-08-11
560,Leann,Swopes,30,3704892.5,false,1980-04-04
561,Terisa,Routson,24,5473237.5,false,1976-12-05
562,Shantelle,Saltzman,58,9463248.0,false,2012-06-10
563,Drew,Rosselli,51,1697401.5,false,1985-02-10
564,Sonja,Savannah,37,8130785.5,false,1980-03-14
565,Phillis,Eichenauer,40,6535397.0,false,1984-04-09
566,Marianna,Powderly,40,2798638.0,false,1984-10-27
567,Alpha,Tragesser,32,8561825.0,false,2005-03-11
568,Sophia,Silas,28,5832524.0,false,1975-09-27
569,Erlinda,Stuchlik,56,8806322.0,false,2002-03-29
570,Yulanda,Milkowski,57,2715258.3,false,2017-03-17
571,Destiny,Jellison,30,1685541.9,false,1996-10-03
572,Laurene,Domingues,42,5021744.0,false,2016-09-17
573,Rozella,Pangrazio,55,9057911.0,false,1979-11-06
574,Shandra,Moscoffian,37,700546.1,false,1993-05-09
575,Kellye,Mirabella,32,5377261.0,false,1978-09-29
576,Jeanene,Kingen,47,5082913.5,false,1992-10-04
577,Jeanmarie,Elm,29,1403031.6,false,2021-04-06
578,Elina,Guella,57,1768597.5,false,2009-01-19
579,Iris,Dickun,25,1840184.4,false,2001-04-20
580,Fatima,Bloem,59,8170587.5,false,1975-11-30
581,Lizette,Stemen,52,3833582.3,false,1982-05-30
582,Rose,Kickel,50,354366.6,false,2009-09-06
583,Deane,Straker,55,8789113.0,false,2005-05-09
584,Chantelle,Brendeland,23,8676361.0,false,1988-05-22
585,Alline,Stoutner,28,1625201.3,false,1971-10-13
586,Azucena,Fanton,39,4072311.3,false,2014-04-14
587,Gale,Kellum,27,4668147.5,false,1981-05-25
588,Lora,Muddiman,23,6867713.0,false,2011-01-13
589,Lizabeth,Betzen,28,3910931.3,false,1995-11-09
590,Elenora,Renert,47,4614290.0,false,1976-03-08
591,Concetta,Fearheller,29,1682292.0,false,1988-06-22
592,Mariel,Fillion,21,1954596.6,false,2015-03-17
593,Bessie,Sisneros,30,9264806.0,false,2021-03-10
594,Machelle,Forcino,35,4191666.5,false,1971-04-20
595,Jaclyn,Scantlen,36,9221858.0,false,2000-06-02
596,Gaynell,Miehe,42,9146036.0,false,2008-04-05
597,Leonie,Maune,47,4004615.0,false,1995-12-04
598,Rosita,Churchill,55,3861926.8,false,2005-09-20
599,Renita,Joas,46,1115494.3,false,1974-01-10
600,Dominga,Sor,48,4443905.5,false,2001-11-03
601,Aide,Prescott,44,4369655.5,false,2000-06-23
602,Lilly,Pflug,51,2534027.5,false,1974-10-09
603,Gretta,Brutger,24,2462984.0,false,2006-05-04
604,Ana,Suminski,46,2789594.5,false,1976-06-19
605,Gaye,Blander,39,2142910.0,false,1998-09-04
606,Kelsie,Epting,40,6102482.5,false,2000-12-25
607,Nga,Olona,26,4221724.0,false,2001-02-24
608,Dominque,Hanser,59,7591186.5,false,2001-09-08
609,Tabetha,Varone,49,4925434.5,false,1976-03-06
610,Paulina,Bockhorst,36,8513490.0,false,1988-05-07
611,Chau,Westby,23,817907.8,false,2001-05-09
612,Larisa,Lorentzen,33,6005500.5,false,2000-10-14
613,Jaqueline,Alfrey,53,1735538.0,false,1981-03-03
614,Stephaine,Oxnam,48,1998064.9,false,1985-12-20
615,Rachell,Kody,33,6584497.5,false,2000-01-12
616,Salina,Esquiuel,27,7649914.0,false,1982-07-08
617,Edward,Cuff,41,5030746.5,false,1985-10-12
618,Myong,Gyllensten,49,5742943.0,false,2012-09-09
619,Rosalba,Fairley,31,393016.3,false,2001-11-24
620,Rene,Yenglin,32,2809880.8,false,1984-01-02
621,Joellen,Kalmus,32,162266.3,false,2005-11-19
622,Alena,Kuebler,52,8995565.0,false,1975-05-01
623,Lennie,Korber,41,488045.2,false,1977-09-18
624,Kourtney,Hoofard,45,6303361.0,false,1980-01-22
625,Miranda,Pytlewski,26,734489.4,false,1987-01-30
626,Leanna,Sitsler,24,9045599.0,false,2011-06-24
627,Kathlyn,Fremming,21,1832426.5,false,1986-06-01
628,Velda,Podsiad,34,52099.9,false,1985-03-04
629,Leandra,Veerkamp,38,1727146.5,false,1978-04-05
630,Debrah,Cleasby,40,8578604.0,false,1984-10-09
631,Margert,Saldivar,30,2643799.3,false,1975-07-11
632,Dusty,Avila,45,4166014.0,false,2011-12-31
633,Asha,Leimer,38,459407.4,false,2001-11-12
634,Roselyn,Drawbaugh,54,2182619.3,false,2006-10-23
635,Rachel,Bauchspies,25,6242130.5,false,1990-04-24
636,Lucy,Muhammad,20,3527550.0,false,2002-09-03
637,Jenelle,Munroe,25,6752463.5,false,2001-04-05
638,Neda,Turnham,23,7668479.0,false,1999-03-21
639,Melanie,Fantroy,42,739916.4,false,2008-08-13
640,Delta,Magnifico,54,7417275.5,false,2017-10-21
641,Erin,Konstantinidi,57,7860666.5,false,1986-11-05
642,Marjory,Brazier,52,8283592.5,false,2006-05-23
643,Valorie,Cartagena,44,2204985.0,false,1984-08-10
644,Lelia,Lauze,21,4735152.0,false,1984-11-01
645,Garnett,Patrone,53,6508550.5,false,1978-05-03
646,Kimber,Kyper,20,1060497.1,false,1990-02-09
647,Rhea,Gholson,51,4310780.0,false,1970-05-20
648,Linda,Zelle,23,9692807.0,false,1991-12-12
649,Summer,Trimis,50,5501260.0,false,1988-10-07
650,Romana,Luskin,28,1252879.9,false,1974-10-20
651,Viva,Waits,40,9846355.0,false,2003-08-15
652,Julienne,Tomski,46,42111.2,false,2019-09-11
653,Cathy,Capasso,49,7231708.5,false,1999-03-23
654,Linnie,Maisto,44,4511927.5,false,1977-02-28
655,Cathryn,Pion,53,7271138.5,false,2010-07-01
656,Mitzi,Hardister,20,8368473.0,false,1997-04-03
657,Shonna,Mascarenas,51,8255888.0,false,1986-09-20
658,Holli,Bultman,59,1361498.5,false,1998-10-18
659,Dionne,Wheeldon,26,5027421.5,false,1997-03-16
660,Judy,Woleslagle,21,9179614.0,false,1982-04-30
661,Yen,Mundinger,48,3154689.5,false,2000-03-06
662,Young,Zeolla,43,4463327.0,false,1988-04-21
663,Santina,Rei,40,2036123.4,false,1980-11-06
664,Tomika,Kinslow,37,9842942.0,false,1985-02-24
665,Shona,Korpi,56,9524522.0,false,2021-12-19
666,Concetta,Weaver,34,1853417.1,false,1996-05-09
667,Adelia,Horimoto,24,7030353.0,false,2012-12-15
668,Hui,Weisberger,27,4166271.0,false,2008-12-08
669,Lily,Mikulak,37,9242998.0,false,1988-01-30
670,Ariane,Kind,39,3658781.0,false,2004-04-20
671,Evangelina,Bernstrom,28,1032442.8,false,1986-03-07
672,Lexie,Everley,52,2489571.0,false,1991-07-20
673,Ariel,Cicerelli,45,467394.9,false,1970-10-28
674,Jody,Holleman,37,1612826.1,false,1971-09-09
675,Chrystal,Damas,22,6672295.0,false,2011-06-06
676,Theodora,Allman,21,267486.6,false,2000-08-07
677,Ramona,Ramrez,32,1372560.6,false,2010-11-11
678,Dallas,Dine,29,9900572.0,false,1975-09-14
679,Asha,Haddox,36,614257.9,false,2010-06-05
680,Phoebe,Sumabat,57,6267207.0,false,1987-04-04
681,Jann,Beckner,20,7419404.0,false,2017-08-17
682,Alejandrina,Schellhammer,59,731797.3,false,2019-08-11
683,Lezlie,Medlock,53,2584510.5,false,1971-02-08
684,Raven,Facer,39,2642260.0,false,2003-09-05
685,Guadalupe,Feagler,21,1957539.6,false,2008-08-14
686,Matthew,Nickens,44,4786835.0,false,1999-10-17
687,Jenette,Drott,21,6507974.0,false,2003-02-19
688,Billie,Taglauer,51,5404406.0,false,2016-01-13
689,Darcy,Gach,42,6057399.0,false,1983-08-30
690,Gia,Michienzi,40,5203198.5,false,2001-04-25
691,Yon,Wolfard,22,8080452.0,false,2008-05-30
692,Antoinette,Provazek,44,339531.3,false,2009-10-31
693,Claire,Siegrist,42,3526511.3,false,1989-09-05
694,Emerita,Pelt,35,9295179.0,false,2012-06-17
695,Leeanna,Bogosh,28,9441119.0,false,2012-08-13
696,Mitzie,Herauf,44,2844554.5,false,1993-07-21
697,Robin,Skalka,46,156463.8,false,2015-10-15
698,Millie,Schorder,34,3666713.8,false,2003-10-19
699,Jannette,Commer,30,2459622.8,false,2006-04-26
700,Elizabeth,Knutsen,34,4026961.5,false,2018-05-09
701,Shana,Fuery,58,9113261.0,false,2014-01-12
702,Renae,Mannis,48,6226094.0,false,1976-08-31
703,Lindsey,Hodd,30,6679976.0,false,2007-04-11
704,Hettie,Lafond,34,9536447.0,false,1986-08-21
705,Selena,Landstrom,32,3846355.5,false,2000-08-07
706,Gilda,Karvis,23,2242318.3,false,2013-12-18
707,Lise,Vaudrain,29,1101821.6,false,1989-09-03
708,Piper,Barg,54,4856143.5,false,1988-09-06
709,Anya,Hoschouer,41,9939543.0,false,2015-04-21
710,Mirtha,Chhun,49,9799480.0,false,1985-10-05
711,Gennie,Lerew,58,4632529.0,false,1982-02-12
712,Marcelle,Larranaga,57,7208654.0,false,1999-08-26
713,Karena,He,37,126586.3,false,2020-12-20
714,Ema,Bernaudo,22,3414921.0,false,2007-04-30
715,Janet,Sagayaga,43,2989688.0,false,1988-04-24
716,Nola,Yessios,54,3351544.5,false,1995-01-29
717,Anitra,Kaywood,52,3909844.8,false,2008-07-01
718,Magdalena,Newall,34,7270761.0,false,1977-03-15
719,Inge,Nayman,41,3438983.0,false,1997-05-31
720,Patrice,Kielbasa,44,984189.4,false,2004-11-29
721,Erika,Mcnight,39,6095806.5,false,2018-05-22
722,So,Payson,38,8932363.0,false,1975-11-28
723,Shirly,Warring,52,803437.9,false,1990-01-24
724,Kathrin,Skordahl,58,6812048.0,false,1998-10-18
725,Daina,Yeast,20,3934522.8,false,2008-07-19
726,Glynda,Schull,35,337962.0,false,2016-05-28
727,Dara,Delaware,25,5090133.0,false,1985-01-06
728,Stella,Rydelek,22,547359.6,false,1996-10-06
729,Dani,Hirst,44,605602.4,false,2001-08-21
730,Wonda,Deborde,52,4962027.5,false,2010-06-01
731,Jacalyn,Isabel,55,440501.0,false,1982-10-07
732,Lila,Waston,51,5948055.5,false,1971-09-12
733,Alexa,Likes,59,4061441.0,false,2014-10-03
734,Danyel,Murphy,41,2380654.0,false,1977-04-08
735,Randy,Humes,52,5584283.0,false,1989-07-06
736,Lavinia,Dimond,55,9071321.0,false,1983-07-05
737,Marilu,Colcher,46,5848065.0,false,2018-11-27
738,Yasmin,Mazyck,42,2749693.8,false,2018-05-17
739,Alexandria,Rothberg,50,176479.4,false,2018-04-05
740,Lupe,Blakeman,53,4101505.0,false,2021-05-29
741,Alaina,Floore,50,6688441.5,false,1999-11-21
742,Rachele,Blanc,57,1261610.5,false,1989-02-20
743,Ivette,Shirley,58,3592587.3,false,2017-12-24
744,Shasta,Ravenhorst,22,7610483.0,false,1986-06-18
745,Laila,Baatz,41,6748042.5,false,2003-10-07
746,Lanell,Oren,47,3295096.3,false,1985-06-01
747,Terri,Wolfred,27,2851187.3,false,1970-02-10
748,Markita,Foot,25,1220491.0,false,2010-02-04
749,Lourdes,Divoll,59,9325448.0,false,1993-09-30
750,Roma,Islam,40,3249284.5,false,1976-08-31
751,Lissette,Wimbs,20,1982941.8,false,2004-12-09
752,Daphine,Newness,24,2689876.3,false,1997-05-12
753,Oralia,Larranaga,33,1383686.5,false,1993-01-31
754,Lorie,Sonsino,22,3596462.8,false,1973-04-07
755,Carisa,Davidek,40,443598.3,false,1986-08-20
756,Mozella,Heerkes,32,6102155.5,false,2015-02-17
757,Kimbery,Langlais,37,1397657.0,false,1987-01-21
758,Kathlyn,Melsheimer,49,1143515.1,false,1972-03-05
759,Starla,Kinseth,57,3468631.5,false,1982-06-26
760,Mathilda,Smiechowski,22,6052576.0,false,2003-05-08
761,Billye,Solazar,49,1461527.8,false,2008-09-19
762,Kacie,Shoffstall,40,1385304.6,false,1990-02-22
763,Josette,Courtad,32,9503448.0,false,2003-04-22
764,Daphne,Annon,37,3413725.5,false,1995-01-27
765,Elizebeth,Blanke,20,8475889.0,false,2020-01-22
766,Alma,Lecorchick,30,9254152.0,false,1998-12-13
767,Eloisa,Schaaf,26,1524083.1,false,1980-09-11
768,Blanca,Fortuna,26,152053.5,false,2006-11-14
769,Mark,Kizzee,58,7259743.5,false,1989-06-18
770,Eldora,Perch,57,4076165.5,false,2019-05-17
771,Lidia,Meglio,46,4057173.3,false,2010-07-05
772,Dolly,Narro,46,1642316.1,false,1976-03-15
773,Carmelina,Colwell,53,3991427.5,false,2020-03-18
774,Jonna,Mark,38,7437307.0,false,1986-09-19
775,Candie,Rodenbough,51,8359860.5,false,2001-08-26
776,Britta,Cajulus,45,161187.0,false,1993-07-24
777,Sherika,Tratar,59,6403288.5,false,2012-01-06
778,Candace,Battaglini,29,5883524.0,false,1990-05-11
779,Jazmine,Abellera,41,6068909.5,false,1996-07-16
780,Christina,Longtin,30,3153322.3,false,2011-04-27
781,Soraya,Dawber,38,8830861.0,false,1973-04-13
782,Jetta,Entwistle,46,2955505.8,false,2008-09-16
783,Ingrid,Remmick,39,8408004.0,false,1988-05-17
784,Aubrey,Burvine,51,345733.1,false,1990-08-29
785,Elisa,Deeters,36,1149000.0,false,2004-06-05
786,Kristel,Gaudett,41,2142373.0,false,1979-04-25
787,Gussie,Masher,30,4389458.5,false,1985-03-26
788,Bobby,Stamant,35,7708700.5,false,1976-08-13
789,Michele,Muinos,43,1230506.5,false,2019-10-21
790,Lurline,Huelle,58,8240678.0,false,1990-07-30
791,Suk,Borovetz,42,6854776.0,false,1971-11-03
792,Zelma,Mazique,25,6717131.0,false,1977-06-22
793,Marlen,Guiga,51,9550638.0,false,1971-12-05
794,Gisele,Europe,20,9398108.0,false,2001-11-22
795,Margot,Taggert,33,6311269.0,false,2010-08-02
796,Agnes,Totin,59,8381582.0,false,1983-12-23
797,Maybelle,Hatzenbuehler,20,8524465.0,false,2015-09-18
798,Roxann,Hollingshed,50,3585467.0,false,1997-12-09
799,Ivonne,Wineland,43,7338851.0,false,1980-02-20
800,Alysha,Decardo,57,2455179.8,false,1977-11-11
801,Merle,Tope,27,2860716.0,false,1990-09-29
802,Adele,Liskovec,37,476455.7,false,1975-11-16
803,Petra,Powis,34,3850088.0,false,1991-03-21
804,Renee,Stenslien,45,5963255.5,false,1984-08-05
805,Trinity,Rothove,32,6189380.0,false,2011-04-25
806,Leola,Illian,44,9942743.0,false,2019-06-13
807,Marylin,Bredernitz,25,1977206.0,false,2021-09-03
808,Noreen,Carpinteyro,53,8878971.0,false,1998-08-11
809,Danyel,Edward,27,5307625.0,false,2014-09-23
810,Valencia,Derobles,21,546372.1,false,2001-10-10
811,Latoya,Payamps,39,6605034.5,false,1983-10-15
812,Thora,Scharbor,26,5387200.5,false,1978-05-19
813,Renetta,Vallien,49,2499295.8,false,1979-11-15
814,Latonia,Sierzenga,30,5120306.5,false,1975-03-10
815,Adriene,Logosso,41,6632036.0,false,1977-11-05
816,Pilar,Lourenco,51,5805158.5,false,1976-03-19
817,Charissa,Tenner,27,6929977.0,false,1986-11-23
818,Christina,Fellars,34,5561811.5,false,1982-05-23
819,Marylin,Nanke,48,9018931.0,false,1999-09-14
820,Rashida,Grueber,32,1074824.6,false,1985-12-10
821,Ericka,Godlewski,37,5544894.5,false,1999-06-01
822,Eve,Reckleben,56,7124419.5,false,1991-03-08
823,Cornelia,Renault,24,4359456.5,false,1998-04-14
824,Pauline,Dercole,54,9033320.0,false,1974-07-28
825,Emerald,Andreoni,58,1244431.3,false,1988-01-08
826,Akiko,Vant,34,6001438.5,false,2003-09-19
827,Suzanne,Shotts,20,8493207.0,false,1971-07-19
828,Juliette,Pangallo,51,7400655.0,false,2020-09-30
829,Stacey,Petrucci,57,7120111.0,false,1979-03-28
830,Daniela,Fay,56,6977757.5,false,1985-12-27
831,Alexis,Corneille,27,8704414.0,false,2008-09-06
832,Roxane,Berger,24,5467302.5,false,1999-04-19
833,Jada,Puzio,27,6913342.0,false,2007-02-04
834,Tracie,Kenfield,35,2493123.3,false,2014-10-15
835,Wynona,Kwang,58,4021970.0,false,2003-11-01
836,Nila,Campoy,26,5664601.5,false,2011-01-09
837,Ena,Gosewisch,32,6742540.5,false,1974-07-29
838,Fiona,Jest,56,1932459.9,false,2001-08-29
839,Justine,Rosencrantz,55,1189918.6,false,2000-01-11
840,Marlo,Melito,38,9728329.0,false,2015-11-20
841,Armanda,Serice,54,5584171.5,false,1983-08-02
842,Trudi,Godde,40,5971867.0,false,2019-11-19
843,Norman,Fitzner,49,1296468.0,false,2014-10-16
844,Star,Ramnarase,39,8021309.0,false,2012-03-16
845,Machelle,Buckey,31,8933020.0,false,1994-05-04
846,Royce,Dupaty,53,2347549.3,false,1973-01-18
847,Kisha,Bodway,58,2243492.3,false,1983-09-05
848,Yanira,Serenil,40,2803751.5,false,2012-08-22
849,Claudia,Masker,31,8207842.0,false,1979-01-04
850,Tyesha,Wissel,47,107191.7,false,1979-03-01
851,Tameka,Hastedt,40,9385983.0,false,1974-06-09
852,Liane,Skeldon,59,9038774.0,false,1998-01-10
853,Tinisha,Moznett,51,2667312.3,false,1985-10-24
854,Danielle,Cullifer,48,9548768.0,false,2012-11-29
855,Latonia,Spearing,40,4446237.5,false,1976-10-31
856,Lesli,Dobkin,39,3070592.8,false,2018-06-16
857,Mechelle,Purswell,20,5378732.5,false,1981-07-14
858,Orpha,Steady,26,6519943.5,false,1987-06-12
859,Jadwiga,Gilbar,29,1703269.0,false,1999-07-26
860,Jeanmarie,Stracener,39,6350287.0,false,1971-07-16
861,Doris,Pursley,38,874105.3,false,2002-03-17
862,Rosalia,Greenwood,28,861636.6,true,2016-04-21
863,Harriett,Blevens,56,3907484.0,false,1997-09-24
864,Melba,Bott,47,3276671.8,false,2021-11-16
865,Van,Christi,46,2542709.3,false,1986-01-26
866,Nannie,Nalty,22,5703889.0,false,1984-05-14
867,Sadie,Hamiltan,20,3984477.3,false,2012-08-01
868,Ilona,Craver,32,7721838.5,false,2018-03-29
869,Lashunda,Shoulars,38,1226922.3,false,2017-06-20
870,Shanda,Bruzek,45,9990939.0,false,1995-02-05
871,Kellee,Deamer,56,2639483.8,false,1999-05-23
872,Christian,Labar,22,7629807.0,false,1988-02-26
873,Lizette,Gorrill,51,7592736.5,false,1992-11-21
874,Windy,Hillock,56,4420541.5,false,2000-09-25
875,Nancy,Hope,42,8313739.5,false,1992-09-11
876,Sadie,Zeier,56,7636536.0,false,2003-06-17
877,Lillie,Krejsa,27,8084516.0,false,2018-09-03
878,Louisa,Isett,28,9701735.0,false,1972-05-01
879,Maribel,Bellinghausen,57,7362476.5,false,1979-07-12
880,Chin,Huckaby,46,5453508.0,false,1998-11-25
881,Shemika,Mrnak,21,4621364.0,false,2014-09-07
882,Bernadine,Schrauger,58,3158134.3,false,1992-03-28
883,Socorro,Sanmartin,54,9085307.0,false,1991-06-26
884,Francis,Myslim,43,9611267.0,false,1977-10-08
885,Shira,Durre,38,8551042.0,false,2000-01-15
886,Keli,Kett,36,7707620.5,false,2010-10-18
887,Tiffani,Buro,30,337450.1,false,2013-11-01
888,Malia,Felker,20,3125535.0,false,2007-02-06
889,Erminia,Yaden,57,8911500.0,false,2013-08-12
890,Sondra,Slifer,54,7179202.5,false,2021-03-11
891,Kelle,Berkovitz,20,8438362.0,false,2010-02-16
892,Jene,Campagne,48,5573785.0,false,2021-03-12
893,Lyda,Fausnaught,56,8934530.0,false,1997-02-21
894,Bernardine,Quin,23,3742460.0,false,1986-05-03
895,Valerie,Romito,44,4078910.0,false,1979-11-20
896,Meggan,Lengerich,35,6276793.5,false,2011-06-05
897,Kelley,Tashima,20,5694547.5,false,1986-11-28
898,Kimberely,Maltba,31,4869361.0,false,1994-06-04
899,Alberta,Malmgren,25,6632787.0,false,2017-02-27
900,Mariah,Lafrate,26,3642874.3,false,1975-07-28
901,Hilda,Branyon,59,569697.2,false,1995-01-21
902,Melda,Teti,38,3440201.0,false,2011-10-26
903,Sung,Garmon,34,3952042.3,false,2015-12-12
904,Guillermina,Blanscet,54,3714182.8,false,1995-03-31
905,Abbie,Varian,27,1556458.4,false,1996-05-31
906,Rosa,Fennel,24,8934767.0,false,2017-05-22
907,Sherly,Caslin,23,9286268.0,false,1997-11-19
908,Karlene,Blecker,31,5023339.5,false,1987-11-12
909,Easter,Foshay,20,7009971.5,false,2005-12-04
910,Ronda,Prich,23,1525427.6,false,1996-02-04
911,Laure,Ciolek,40,7118428.0,false,1986-11-08
912,Joana,Vanhoy,44,8945498.0,false,2018-11-17
913,Donald,Toupe,57,6250096.5,false,1985-06-15
914,Renea,Whisner,29,178050.4,false,1973-07-19
915,Gricelda,Mazzei,51,3203363.8,false,1987-11-01
916,Tonie,Tutor,40,4611960.0,false,2011-10-05
917,Katheryn,Slusar,28,2801972.0,false,1972-02-19
918,Pia,Goldmann,43,6010261.5,false,2003-02-14
919,Diann,Lutes,54,9011279.0,false,1991-12-10
920,Valarie,Frecker,21,8170067.5,false,1981-02-22
921,Verlene,Fugett,22,6292437.5,false,1996-05-04
922,Charlotte,Huffstutter,40,5593783.5,false,1983-06-17
923,Noella,Pass,28,8449639.0,false,2020-02-01
924,Mira,Samuelson,36,3381155.5,false,2001-09-20
925,Faye,Scordato,44,2716546.8,false,1993-02-08
926,Cathy,Szymanski,47,7362161.0,false,1975-09-25
927,Shari,Graffeo,49,762473.3,false,1999-06-08
928,Mary,Simpers,45,3843900.0,false,1989-06-28
929,Leesa,Orozco,33,3712254.8,false,1988-08-24
930,Fay,Schenkel,41,739269.2,false,1979-10-20
931,Vernell,Smarr,49,5751137.0,false,1988-03-31
932,Sarah,Remele,20,4399775.5,false,2017-11-24
933,Terresa,Heller,56,7734934.0,false,1974-09-15
934,Trinity,Disilvestro,37,8989264.0,false,1972-09-06
935,Annie,Hardgrave,25,9298318.0,false,2002-10-06
936,Randi,Bubar,33,728161.8,false,2007-03-06
937,Shenita,Cloney,46,6508759.5,false,1983-08-07
938,Dana,Oathout,51,7838348.5,false,2012-07-15
939,Eliana,Kayser,51,9648336.0,false,2012-09-13
940,Danille,Terpening,52,1332067.5,false,1992-05-16
941,Laurel,Liesch,47,4779555.0,false,1979-03-13
942,Davida,Maclain,35,5173834.5,false,1980-10-16
943,Irena,Synakowski,20,4096094.3,false,1970-02-19
944,Laurel,Eldib,33,6009634.5,false,2012-07-24
945,Josephine,Falacco,42,3013395.8,false,1985-08-09
946,Clarice,Dore,34,7272769.5,false,2020-07-24
947,Shirly,Cressy,41,6874247.5,false,1979-03-21
948,Ethyl,Rothenbach,48,2872816.3,false,1982-03-19
949,Cristal,Filyaw,25,3278186.8,false,2015-08-08
950,Cristie,Hemler,41,2405085.8,false,2020-12-20
951,Lavinia,Rayhel,57,1024208.1,false,2004-06-24
952,Concepcion,Naas,20,2287691.8,false,1973-11-08
953,Sook,Borroel,32,8838543.0,false,2016-04-04
954,Marget,Tugwell,50,6524901.0,false,1994-12-17
955,Zona,Houlberg,20,1975306.0,false,2020-05-17
956,Nichole,Markt,49,1187790.4,false,1992-11-20
957,Elke,Huelse,21,1981501.3,false,1997-08-11
958,Billy,Gladney,52,268175.5,false,1982-11-05
959,Carolyn,Heap,30,6544053.0,false,2003-01-05
960,Alisia,Bayers,25,1370490.1,false,1977-11-13
961,Stephani,Novinger,59,4000787.5,false,2007-12-17
962,Ricki,Wuori,58,4073098.5,false,1970-03-03
963,Albertha,Flanary,58,2487435.8,false,2014-01-18
964,Lavonne,Ugaz,45,6417191.0,false,1993-10-27
965,Eliza,Schmidbauer,35,1922499.1,false,1990-06-20
966,Kiera,Stasik,49,8795343.0,false,2022-01-06
967,Bethel,Deere,20,3211220.5,false,2009-05-13
968,Christal,Bellar,37,2298642.0,false,2011-07-16
969,Yuko,Krahn,59,2001260.6,false,1975-10-21
970,Lia,Ashlock,31,2501434.3,false,2006-06-28
971,Lise,Croes,26,5750102.0,false,2013-06-27
972,Machelle,Wolkowiecki,25,7759465.0,false,2005-12-28
973,Jannet,Fitts,27,349128.4,false,1997-01-04
974,Sandra,Forsmark,43,4604093.0,false,2015-06-30
975,Demetrice,Kanda,33,9332658.0,false,1991-01-06
976,Amelia,Plauche,31,9905010.0,false,1983-04-25
977,Cher,Reichler,25,7004634.5,false,1998-11-22
978,Rachael,Terhar,33,7200348.0,false,1982-09-26
979,Loren,Pazo,24,1341558.0,false,2016-09-09
980,Georgette,Loche,42,1038812.1,false,2005-05-26
981,Shirlene,Daliva,28,2641579.3,false,2019-10-03
982,Candis,Mirsch,35,9962680.0,false,1985-02-16
983,Cristina,Hasper,52,1550116.4,false,1992-05-12
984,Vicenta,Kalland,38,2038199.3,false,2000-01-16
985,Kisha,Pfeil,59,9196904.0,false,2008-03-19
986,Mariah,Tennessee,47,5264239.0,false,2006-11-04
987,Neoma,Koyama,41,9522204.0,false,2002-11-21
988,Rosemarie,Uphoff,47,4670846.0,false,2000-10-24
989,Elfriede,Dufek,42,4499391.5,false,2006-08-27
990,Margarete,Dejean,26,1146338.9,false,2017-07-02
991,Trudi,Boamah,48,7205559.0,false,2011-02-22
992,Filomena,Domebo,39,1170058.6,false,1984-05-17
993,Jolyn,Morles,39,6646096.0,false,1989-09-09
994,Dorian,Kostelnick,40,3698742.0,false,1984-01-22
995,Luetta,Dibiasi,20,7012851.0,false,1995-08-28
996,Eunice,Coyle,34,6130707.0,false,1979-07-12
997,Lennie,Angelini,39,8807588.0,false,1983-08-19
998,Shanelle,Nydam,47,8044622.0,false,1971-01-05
999,Hildred,Sensenbach,53,8676186.0,false,2003-07-23
