0,Emerald,Keckler,47,8307021.5,false,1975-10-18
1,Ariane,Stratter,31,7418080.5,false,1994-11-27
2,Marlena,Trivisonno,54,5314429.0,false,2007-08-24
3,Rena,Rybij,34,590814.2,false,2021-10-04
4,Anitra,Sledd,27,7107899.5,false,1977-09-02
5,Zoila,Weatherford,31,1183917.6,false,1987-12-11
6,Lizzie,Marcell,39,7258748.5,false,1972-08-14
7,Eileen,Ferrin,42,9985076.0,false,2006-05-05
8,Judith,Hudspeth,26,2787836.3,false,1979-11-28
9,Sigrid,Beichner,28,4323230.0,false,2005-02-22
10,Norah,Paider,41,8015540.0,false,1995-02-13
11,Rosalba,Bogdanski,25,8512120.0,false,1982-05-13
12,Adrianne,Brandorff,58,2950984.0,false,2011-02-24
13,Elfriede,Skelly,25,314382.4,false,2001-12-09
14,Nikki,Thoby,42,8301255.5,false,2009-10-11
15,Shela,Pichoff,50,1364591.6,false,1986-01-07
16,Zenaida,Swopes,43,1864193.1,false,2000-09-05
17,Lyn,Seeley,31,7745868.0,false,2019-03-18
18,Waltraud,Serano,26,2768842.3,false,1997-05-18
19,Eulalia,Mcanallen,36,3463140.5,false,1988-03-06
20,Annabell,Hrbek,41,5791572.0,false,1970-02-17
21,Lurline,Tronaas,57,8617581.0,false,1970-05-22
22,Heidi,Emig,21,5501728.0,false,2001-02-23
23,Ronni,Clatterbuck,24,8683401.0,false,1981-04-03
24,Brigitte,Leifer,51,5912047.5,false,2001-02-19
25,Cathryn,Wilks,53,695094.6,false,2013-05-20
26,Rhoda,Moscariello,30,4084121.3,false,2002-07-24
27,Cindi,Petty,21,9860363.0,false,1974-11-24
28,Gilda,Lohman,37,3928452.5,false,2003-12-01
29,Merry,Merlin,59,870442.3,false,2018-05-18
30,Tess,Neely,48,486546.3,false,2016-12-16
31,Leandra,Heigl,49,5387319.5,false,1971-10-08
32,Aisha,Kannel,52,235070.3,false,1981-11-29
33,Leonore,Bafford,55,3025672.0,false,1980-11-04
34,Honey,Casseus,50,9339382.0,false,2009-10-16
35,Margo,Carper,50,1340668.1,false,1970-12-28
36,Ina,Shidemantle,21,2051668.0,false,1987-06-14
37,Lavina,Dressen,56,4259168.5,false,1991-03-28
38,Brandee,Hammill,53,9705701.0,false,1991-11-08
39,Mattie,Benigni,23,9722711.0,false,2000-05-18
40,Henriette,Aurora,52,6669386.0,false,1977-06-25
41,Louisa,Weberg,47,1144014.5,false,2019-10-15
42,Latrina,Capiga,41,9553272.0,false,1976-10-21
43,Felicita,Mayton,24,5410714.0,false,2011-09-30
44,Leatha,Petruccelli,21,2940404.3,false,2018-03-04
45,Samantha,Kasten,34,8242129.0,false,1970-07-14
46,Annemarie,Wolfe,28,3398864.8,false,2013-12-10
47,Virgina,Kreamer,47,3596296.5,false,2019-06-09
48,Phyliss,Bethea,47,1903856.1,false,1991-04-10
49,Ardella,Vanaprasert,58,1999778.4,false,1974-04-05
50,Magdalene,Godar,37,1674355.3,false,1979-12-28
51,Gay,Cahall,55,5484748.0,false,2015-09-17
52,Chantal,Beylotte,34,2920301.0,false,2010-03-21
53,Verda,Thigpin,45,1895024.1,false,1993-01-10
54,Paige,Maginnis,33,2004661.3,true,1989-06-14
55,Malinda,Pielow,21,3481998.3,false,2007-06-09
56,Kerstin,Rosh,24,28190.1,false,2017-01-29
57,Joann,Froio,25,5284605.5,false,2006-09-10
58,Bridgett,Swingle,41,8466972.0,false,2010-06-27
59,In,Goepfarth,40,7408401.5,false,1973-10-02
60,Lise,Gaskill,29,7244522.0,false,2014-08-27
61,Della,Vitelli,42,8821109.0,false,1984-06-08
62,Thora,Keeth,58,6204539.5,false,2021-03-15
63,Joella,Hymen,47,9686543.0,false,2017-11-23
64,Domonique,Shafto,35,9084002.0,false,1976-07-25
65,Valerie,Botelho,23,1212775.4,false,1995-07-19
66,Janina,Beadell,44,1107241.6,false,1978-09-15
67,Ursula,Muccia,33,6685365.0,false,2013-11-10
68,Linnie,Summerson,36,3188923.5,false,2005-07-20
69,Dena,Kuizinas,26,3666032.5,false,1993-10-03
70,Cary,Boran,28,812013.6,false,1983-10-23
71,Tracy,Sumlin,55,8662950.0,false,2019-05-16
72,Jesus,Wolever,35,7368625.0,false,2011-07-31
73,Michal,Dedek,28,3403281.0,false,2005-04-30
74,Lura,Tatom,28,7498891.0,false,2004-06-11
75,Casandra,Barratt,37,6771353.5,false,1990-01-01
76,Lisbeth,Centini,28,8912775.0,false,2016-11-08
77,Barbara,Kesler,56,3330297.0,false,1975-07-31
78,Danette,Ferraraccio,53,6518740.5,false,1976-05-25
79,Evelyne,Brumback,35,8019134.5,false,2000-07-09
80,Stella,Tuff,20,7659270.5,false,1972-04-27
81,Ivy,Essinger,20,6407574.5,false,1979-11-07
82,Annice,Sedlack,38,9862279.0,false,1993-09-02
83,Bobby,Fego,59,1971913.0,false,2009-12-13
84,Tawanna,Reindel,29,9640788.0,false,1999-12-05
85,Tamera,Mcmillion,43,1350134.9,false,1976-02-11
86,Keena,Julia,47,3325728.0,false,2016-12-26
87,Soo,Coury,40,7068121.5,false,1992-07-23
88,Barbra,Betthauser,50,4989847.5,false,1993-11-18
89,Chantel,Dahman,31,1014921.4,false,2002-12-16
90,Siu,Pline,45,2457264.5,false,1997-04-16
91,Harriett,Cummins,32,4311470.0,false,1985-08-19
92,Meridith,Benesh,31,3336007.0,false,1983-03-01
93,Mitchell,Hayakawa,42,9152109.0,false,1987-05-15
94,Jamey,Vanderzanden,40,7382085.0,false,1989-04-27
95,Yuk,Desmeules,46,6833571.5,false,1996-03-21
96,Glenda,Vittetoe,26,6914941.0,false,2007-07-24
97,Alice,Gust,42,7965164.0,false,2020-05-07
98,Karly,Markuson,23,1484393.4,false,1970-01-07
99,Julian,Bolieu,32,7031314.0,false,1983-01-03
100,Earleen,Fleeting,39,3903901.5,false,1995-11-12
101,Sylvie,Strunk,37,5410889.5,false,1985-02-11
102,Dedra,Drowne,21,7953663.5,false,2018-06-16
103,Evangeline,Delao,49,7681270.5,false,1985-06-14
104,Anabel,Yanosky,35,5592306.0,false,1988-06-23
105,Delora,Juares,51,2289890.5,false,1975-02-21
106,Masako,Middents,28,6136629.0,false,2008-09-04
107,Alex,Manvelito,24,1305047.9,false,2010-02-27
108,Jonna,Grunow,52,4391845.0,false,1985-09-27
109,Kassandra,Solima,52,7589636.5,false,1970-02-11
110,Kay,Bruzas,28,4299858.5,false,1984-02-02
111,Van,Pults,23,2535553.3,false,1984-06-14
112,Donnie,Drafton,46,708564.5,false,2007-12-26
113,Courtney,Willie,35,9047513.0,false,1987-08-21
114,Zita,Kisling,58,6253120.0,false,1996-03-22
115,Johnny,Salido,45,5924945.5,false,2013-07-30
116,Missy,Ducklow,27,9357616.0,false,1988-04-27
117,Johana,Powelson,29,3347184.3,false,2001-05-20
118,Marilu,Hupf,36,6613251.5,false,2021-12-22
119,Collette,Knappe,34,1172167.8,false,1970-02-12
120,Sade,Mehan,20,2679689.8,false,2014-12-22
121,Nyla,Kubilus,59,2114134.0,false,1992-02-14
122,Marna,Champagne,46,90450.5,false,1979-10-05
123,Mira,Adank,52,2547610.8,false,1990-08-25
124,Laci,Huxtable,48,3590057.8,false,2020-06-20
125,Julianne,Milo,47,7813677.5,false,1983-06-05
126,Anika,Cobar,36,4918055.0,false,1976-02-03
127,Shirely,Linnert,52,8293027.5,false,2012-07-05
128,Bobbi,Sarnacki,53,8616747.0,false,2008-05-08
129,Juliann,Robichaux,54,8863744.0,false,2004-08-30
130,Lonnie,Liebau,23,7067344.0,false,1994-04-27
131,Renetta,Lasserre,58,9145958.0,false,2011-04-01
132,Spring,Bosell,36,7192847.0,false,2021-12-31
133,Arnetta,Guedes,53,4522307.5,false,2015-06-19
134,Sung,Jadlowiec,29,5401384.5,false,2004-02-24
135,Dennis,Reed,21,6000092.0,false,1980-01-17
136,Maryann,Bester,39,6212814.0,false,2002-07-12
137,Deanna,Burnett,37,3636649.8,false,1985-01-02
138,Cammie,Naz,23,2607290.5,false,2015-12-07
139,Ciara,Laidler,33,2392592.8,false,2020-08-07
140,Wilda,Helmink,20,6198051.0,false,1992-07-03
141,Nadia,Opheim,26,4147197.8,false,2001-05-31
142,Margaretta,Reeher,51,6304935.0,false,1981-05-25
143,Niki,Dwellingham,37,3740247.0,false,2010-11-25
144,Betty,Minnix,35,8931968.0,false,1977-12-12
145,Santa,Rode,45,721735.8,false,2004-12-15
146,Glady,Thelmon,49,9121096.0,false,2013-08-13
147,Kathey,Symons,58,6744210.5,false,2013-04-19
148,Renata,Maslak,20,3664055.5,false,2014-12-24
149,Li,Stair,49,6279359.0,false,1993-08-24
150,Belva,Urness,38,1935293.1,false,2013-07-27
151,Yesenia,Rossen,36,7619595.0,false,1981-08-28
152,Earlean,Provance,33,7189152.0,false,2017-02-11
153,Leeann,Boen,25,6608102.0,false,1982-12-31
154,Hang,Seaholm,43,4381042.0,false,2009-09-13
155,Tamela,Furuyama,35,4272464.5,false,2006-09-20
156,Romona,Grinnell,24,7486483.5,false,1998-01-04
157,Florene,Boehlke,23,8923517.0,false,1997-05-28
158,Felisa,Tanzman,54,1118029.5,false,1981-01-09
159,Francine,Dramis,36,4553657.5,false,2002-10-19
160,Laure,Talicska,49,3966641.5,false,2005-03-21
161,Maura,Babecki,33,1790745.5,false,2009-01-19
162,Kerri,Finley,49,6125719.5,false,2005-12-20
163,Karleen,Edmister,26,8634100.0,false,1994-11-17
164,Marylee,Cordon,51,8405906.0,false,1982-04-19
165,Deann,Doege,31,2533604.3,false,2012-12-15
166,Luise,Pennisi,21,9845065.0,false,1981-03-09
167,Orpha,Bellafiore,42,333436.7,false,2006-02-15
168,Valery,Pioske,51,980481.8,false,1983-01-03
169,Tricia,Fertik,49,8660375.0,false,1984-07-18
170,Delphine,Mlodzianowski,29,2404227.5,false,1984-09-15
171,Sydney,Golz,30,1268612.8,false,2010-11-03
172,Carman,Tullison,39,1400497.5,false,1989-09-13
173,Gertrud,Eskin,43,8015470.0,false,1993-10-24
174,Ursula,Wiegard,37,8939422.0,false,1985-03-19
175,Julissa,Tozloski,50,2602535.0,false,1986-01-05
176,Lottie,Debell,51,2587380.3,false,2008-07-02
177,Leta,Pers,54,3377394.8,false,2004-04-30
178,Selina,Behning,39,8832422.0,false,1992-03-01
179,Marceline,Dayhoff,45,226151.3,false,2018-04-24
180,Alina,Barfknecht,30,8757898.0,false,1995-01-29
181,Aurore,Holsapple,43,7884848.0,false,1996-10-03
182,Trista,Fulvio,38,6815136.5,false,1988-06-13
183,Loretta,Oppenheim,51,3221282.5,false,1994-11-13
184,Rhonda,Karlsson,33,1133265.4,false,2021-07-20
185,Irena,Mancilla,44,6454031.5,false,2021-08-09
186,Ivana,Fernandes,41,2102338.8,false,1974-05-07
187,Chau,Lashure,40,691605.7,false,2007-03-10
188,Tenisha,Beuthin,46,5282410.5,false,1988-11-21
189,Belva,Novellino,20,2159704.8,false,1990-02-17
190,Dorinda,Guske,56,3038751.0,false,1984-02-21
191,Lady,Lutrell,20,1877797.1,false,1987-07-24
192,Caterina,Mckelvey,53,6862730.5,false,1995-10-20
193,Lida,Wright,44,8011625.0,false,1983-08-25
194,Natashia,Igoe,54,4307143.0,false,2002-03-30
195,Laureen,Keyt,22,633622.1,false,2012-05-26
196,Tonia,Langhorn,56,6226184.5,false,1993-02-21
197,Minerva,Nojiri,55,5505431.5,false,2015-04-03
198,Gearldine,Endlich,56,2103232.3,false,2018-08-22
199,Lidia,Pecatoste,22,6782403.5,false,1987-11-25
200,Carlotta,Pavon,59,7788372.5,false,2004-06-20
201,Latina,Fesler,30,1820540.1,false,1995-07-19
202,Marlyn,Corrington,52,941215.8,false,2020-04-09
203,Blanche,Desposito,37,3204523.5,false,1998-06-04
204,Hailey,Napoli,32,1846905.4,false,2013-12-09
205,Terresa,Feldpausch,23,7852999.0,false,1975-02-19
206,Kena,Mandril,31,4489142.5,false,2009-08-19
207,Willie,Spindola,39,2499238.0,false,1995-09-05
208,Kristy,Hesford,43,4208066.0,false,2016-03-09
209,Carma,Frondorf,46,5799002.0,false,1970-11-04
210,Natividad,Dunwiddie,36,2743208.8,false,1972-02-29
211,Aurore,Westervelt,35,3905230.0,false,2003-09-16
212,Fabiola,Yetto,42,3738123.0,true,2000-08-29
213,Pamelia,Dalo,35,9136306.0,false,2017-10-29
214,Mandy,Yerka,50,3508746.0,false,1978-08-18
215,Darla,Spragley,27,6282734.0,false,1987-02-11
216,Dianne,Katheder,43,6269424.0,false,1982-09-19
217,Collen,Rivali,39,9467300.0,false,2020-03-01
218,Aundrea,Twehous,41,1209663.8,false,2008-07-13
219,Chiquita,Borey,38,8599533.0,false,1979-07-10
220,Starr,Muro,41,2824030.5,false,2006-05-09
221,Ofelia,Hirsh,49,5503162.0,false,1977-09-23
222,Donita,Cutshaw,20,2820782.5,false,1979-03-30
223,Erika,Ortega,38,3511762.5,false,2007-03-17
224,Jacque,Epifano,28,9279278.0,false,2013-12-23
225,Gladis,Darwish,41,2929571.0,false,2003-05-21
226,Inga,Rykaczewski,34,2109429.3,false,1981-07-08
227,Zora,Helaire,24,4357999.0,false,2005-03-16
228,Tiana,Lathern,43,7093772.0,false,2005-07-24
229,Zoe,Sour,57,4310802.5,false,1971-04-13
230,Brandie,Glueckert,51,7893845.0,false,1993-02-22
231,Priscilla,Rolling,31,4446391.5,false,1992-02-22
232,Jin,Ristig,59,1373123.9,false,1989-09-07
233,Kecia,Voges,58,6950898.0,false,2016-05-20
234,Crista,Headings,33,6115120.5,false,1972-08-04
235,Lacie,Medieros,20,919967.0,false,1994-09-22
236,Cathie,Ahlquist,51,8628170.0,false,1997-12-04
237,Kellye,Pasquin,34,6188806.0,false,1977-04-18
238,Marcella,Rippel,21,92918.5,false,2017-10-06
239,Rosanna,Bondroff,27,3040115.0,false,2003-08-15
240,Jannie,Bunts,24,8610252.0,false,1981-02-16
241,Francesca,Mccrossin,49,3607509.5,false,2006-10-10
242,Tori,Remey,38,5411577.0,false,1977-05-15
243,Theresia,Yahraus,48,4429665.5,false,2012-07-01
244,Lauretta,Freise,58,6137279.5,false,1994-03-19
245,Jaye,Scherschligt,30,4408699.5,false,2001-06-01
246,Sari,Freeney,58,3088559.3,false,1988-07-27
247,Nerissa,Ziebell,29,8921289.0,false,1984-05-10
248,Misty,Poremski,45,2696753.5,false,1984-05-04
249,Hang,Bahamonde,42,8295161.0,false,2011-03-12
250,Roslyn,Vuong,39,8522219.0,false,1970-08-26
251,Camie,Kalafatis,43,9753118.0,false,1990-02-27
252,Kristy,Botti,24,2533071.5,false,1975-08-22
253,Glinda,Monagan,53,571380.3,false,1985-02-06
254,Cheryll,Marlette,56,3147240.3,false,1993-10-14
255,Lola,Blumberg,45,5664368.0,false,2000-11-14
256,Rocio,Beguelin,43,634364.2,false,1980-08-01
257,Gwenn,Callies,59,1941591.6,false,1997-10-05
258,Neta,Swehla,42,6902845.5,false,1983-07-24
259,Dorris,Juve,38,5063732.0,false,1972-09-14
260,Fredia,Keesler,22,5811986.0,false,2008-08-07
261,Kelle,Prevot,52,3575037.8,false,2004-10-05
262,Octavia,Parlier,58,7604046.5,false,1984-11-13
263,Brianna,Abramovitz,37,7091769.5,false,2006-09-30
264,Johanna,Lekan,23,9557447.0,false,2016-10-24
265,Avelina,Barreca,51,5392231.0,false,1998-07-31
266,Suzette,Maske,58,6771888.0,false,2019-06-02
267,Sharen,Lantrip,48,3691210.0,false,1978-04-07
268,Edelmira,Gaskill,58,5324898.0,false,2002-12-30
269,Georgia,Derise,42,73172.8,false,2006-01-28
270,Eulalia,Leverton,26,7263390.5,false,2008-09-19
271,Jenifer,Weinzimer,30,9055609.0,false,1987-03-15
272,Lyndsay,Ellamar,29,1357581.6,false,2015-05-28
273,Emilia,Gerrero,50,6062724.5,false,2006-12-28
274,Mireille,Metallo,24,4507927.0,false,2007-12-03
275,Jacquline,Strohbehn,22,803414.1,false,2001-12-14
276,Velda,Shafer,55,7019533.0,false,1982-11-17
277,Wanita,Jacksits,20,5021366.0,false,1984-09-15
278,Suzy,Raschilla,51,6759221.0,false,1979-03-13
279,Leona,Noyola,23,839824.1,false,1995-09-11
280,Lawanna,Boisseau,42,1141584.8,false,2007-05-09
281,Rena,Dellis,57,3718227.3,false,1982-06-17
282,Penney,Fooks,51,6010994.0,false,2007-03-07
283,Inga,Chilen,37,2884330.8,false,2018-06-26
284,Lina,Gius,55,827283.3,false,1982-03-30
285,Hilma,Heyn,34,9783406.0,false,1994-01-13
286,Yolanda,Francom,48,3677521.3,false,2008-11-28
287,Alysha,Yontz,52,4828968.0,false,1986-02-15
288,Jennefer,Goelz,52,6897448.0,false,2014-02-12
289,Henriette,Simer,58,7320798.5,false,2020-08-14
290,Kacy,Bonomini,39,2314681.8,false,1971-04-17
291,Carli,Kaus,54,1340456.6,false,1993-04-08
292,Kristina,Denski,30,4565010.0,false,2016-11-05
293,Loreen,Keo,29,9874329.0,false,1970-06-15
294,Hilaria,Micklos,56,8954918.0,false,2012-11-16
295,Sheridan,Mencer,38,8639261.0,false,1989-07-07
296,Anglea,Winch,50,8878330.0,false,1970-06-20
297,Alisa,Lavinder,34,7760434.0,false,2000-01-19
298,Veda,Walla,21,1931815.6,false,1989-04-15
299,Walter,Siegel,24,237187.8,false,1993-10-22
300,Corie,Glaze,25,9222561.0,false,2013-11-23
301,Flor,Depolo,23,5376824.5,false,2016-05-26
302,Ebonie,Aadland,37,6956164.5,false,2006-02-19
303,Susan,Sparger,49,7806455.5,false,2007-10-27
304,Damaris,Coke,35,9776503.0,false,1995-05-03
305,Elisa,Liz,27,3162337.0,false,2008-06-09
306,Nannette,Urben,47,5081646.5,false,1978-09-19
307,Penney,Squire,38,4455891.0,false,2006-07-24
308,Ernestine,Bellin,59,8227620.5,false,2009-09-01
309,Harriette,Calvano,53,6267980.0,false,1992-11-02
310,Numbers,Jeanphilippe,40,7438672.5,false,2011-08-03
311,Marvel,Carrano,45,8354773.5,false,1980-02-14
312,Keli,Banik,43,9947823.0,false,1974-03-17
313,Gilda,Domke,29,7269068.5,false,1995-07-19
314,Salena,Barreto,27,827962.8,false,2012-09-21
315,Yessenia,Twymon,52,3314144.5,false,2002-03-24
316,Alpha,Wesby,58,238661.7,false,2002-04-05
317,Justina,Westerberg,43,2908900.3,false,1996-02-08
318,Marjory,Krajewski,49,1283054.1,false,2018-07-02
319,Frederica,Normand,56,4339877.0,false,2004-05-31
320,Sadie,Pean,27,5161148.5,false,2020-10-20
321,Alline,Gaustad,32,8403531.0,false,2004-08-30
322,Laverna,Erven,57,4167125.0,false,2009-04-07
323,Karly,Pladson,53,4013286.0,false,1974-09-29
324,Nerissa,Face,41,748769.8,false,1981-08-03
325,Tameika,Deprince,35,8281189.5,false,2009-04-10
326,Deane,Astrologo,54,9186915.0,false,1994-09-06
327,Jesus,Bias,41,9264745.0,false,2002-10-09
328,Madge,Ziebol,55,3731614.8,false,1970-11-01
329,Tatum,Vessey,46,6084144.5,false,1979-07-24
330,Chanda,Ozane,35,9982874.0,false,1996-01-23
331,Veta,Frawley,44,7600502.5,false,1987-05-13
332,Sara,Parkman,48,6004675.5,false,1986-07-12
333,Cythia,Gambale,43,1528641.9,false,1986-05-24
334,Elyse,Risher,22,7525899.0,false,1972-07-13
335,Geri,Syphard,57,9906485.0,false,1997-02-23
336,Honey,Irimata,45,8157277.0,false,1998-08-21
337,Zoraida,Verducci,55,6640660.0,false,1976-04-27
338,Melody,Granquist,37,4641659.5,false,1983-01-29
339,Henry,Teachman,25,1797210.1,false,2011-09-08
340,Maureen,Brinkmann,21,6155885.5,true,2015-02-16
341,Missy,Goud,25,5741538.5,false,1971-05-09
342,Alica,Schindeldecke,29,9220862.0,false,2019-05-27
343,Dee,Wintz,33,5228952.5,false,2002-01-03
344,Margit,Luthy,26,7351707.5,false,1988-10-10
345,Aimee,Lynott,45,133321.0,false,1986-12-15
346,Sharonda,Dexheimer,35,2257896.8,false,1978-07-16
347,Delilah,Plesha,46,727870.9,false,1976-05-28
348,Zenobia,Gislason,22,6596113.5,false,1996-01-01
349,Katharine,Lombrana,57,2124274.0,false,1984-04-28
350,Daniella,Anania,27,2067545.0,false,2011-11-22
351,Dallas,Aroca,57,6696716.5,false,2021-05-05
352,Branda,Groesser,29,5152680.0,false,2015-08-02
353,Suk,Horse,48,9014916.0,false,1973-08-20
354,Kimbery,Valsin,30,1615300.8,false,2000-06-15
355,Trinh,Laslo,50,3357271.3,false,2011-03-20
356,Valery,Loreg,43,4128308.5,false,2019-04-04
357,Nilsa,Kopay,39,5089266.5,false,2016-02-13
358,Clarita,Foutz,57,1841757.3,false,1974-03-14
359,Keri,Gorter,51,8007461.0,false,2020-04-29
360,Aaron,Deturenne,32,3824560.3,false,1973-06-30
361,Emilee,Personius,51,2490934.0,false,2009-03-07
362,Mikki,Montesdeoca,54,6767218.5,false,1979-07-17
363,Elinor,Burgner,52,9609242.0,false,1983-01-26
364,Irene,Cherchio,23,7715422.0,false,2014-10-07
365,Pearl,Quale,46,5182055.0,false,2002-05-17
366,Rebbecca,Allums,23,5416125.5,false,1992-03-13
367,Matthew,Dotzler,48,5926117.0,false,2005-03-01
368,Rochelle,Mitman,21,7360972.5,false,1980-07-22
369,Griselda,Wiatrek,42,2507055.5,false,1971-03-17
370,Kasey,Kahill,58,4444810.0,false,1995-09-09
371,Marina,Downie,58,9388833.0,false,1989-06-12
372,Freida,Creekbaum,23,5621885.0,false,1994-11-26
373,Jodee,Paffrath,27,4846587.5,false,2008-01-11
374,Adela,Voller,59,635862.5,false,1975-04-06
375,Johanna,Toplk,50,8897640.0,false,1997-12-15
376,Pat,Sissom,43,2161775.3,false,1974-08-25
377,Rosemary,Goldfischer,34,3800817.8,false,2017-05-12
378,Avis,Dewey,23,1310693.6,false,1977-09-06
379,Marline,Cormier,56,1829753.5,false,1988-03-25
380,Ronna,Dolio,53,5929838.0,false,1991-04-26
381,Leonila,Vrooman,55,7344260.0,false,1989-10-08
382,Lenore,Crayton,38,1767651.0,false,2019-02-20
383,Carole,Shadiack,55,4108747.5,false,1995-02-27
384,Drew,Devor,22,4245669.0,false,1998-09-09
385,Tamatha,Bellone,47,3143098.0,false,2021-05-24
386,Roxana,Kenebrew,34,4487581.0,false,1975-03-30
387,Erlinda,Evering,55,4234624.5,false,1979-12-03
388,Lottie,Imeson,59,1130759.3,false,1970-02-19
389,Berniece,Yerry,43,9952866.0,false,2019-08-19
390,Kaci,Trundy,49,4357746.5,false,1993-08-29
391,Song,Morein,50,6873174.0,false,1977-09-26
392,Bambi,Steep,31,6614519.5,false,1975-08-28
393,Mallie,Koudelka,49,3946152.3,false,2004-10-13
394,Maria,Burriesci,31,3123790.5,false,1986-04-14
395,Danita,Goularte,52,6261998.0,false,2019-12-14
396,Arie,Andries,46,739179.2,false,1976-04-13
397,Tamisha,Westrup,47,1275448.1,false,1982-02-09
398,Wilda,Bompane,34,9848227.0,false,1998-07-09
399,Melissa,Hardel,43,9825025.0,false,1998-06-14
400,Ilana,Diminno,25,8654475.0,false,1998-05-02
401,Monserrate,Bierly,33,4689827.0,false,1974-05-09
402,Lela,Douvia,45,1592271.8,false,2018-08-02
403,Gretta,Wasik,48,7527875.0,false,2001-12-14
404,Julee,Noda,26,1744264.5,false,1995-04-26
405,Dona,Karty,28,1382106.0,false,1982-02-17
406,Johnny,Farfaglia,58,7004712.5,false,2012-01-20
407,Corliss,Mersch,51,8985306.0,false,2001-02-26
408,Barrie,Dashner,59,2787661.0,false,1982-08-20
409,Mattie,Orrock,57,2669278.5,false,1977-05-05
410,Hallie,Sutcliff,55,9612449.0,false,2013-09-03
411,Lina,Luer,33,1591329.5,false,1974-09-13
412,Lavonne,Sakkas,27,2439192.3,false,1996-06-30
413,Alida,Hardacre,25,1836160.3,false,2006-06-02
414,Ute,Krapfl,25,226171.0,false,2013-10-27
415,Lady,Kelter,48,1878166.0,false,2019-08-16
416,Ilene,Jurist,45,1838129.5,false,2008-04-21
417,Sha,Willadsen,42,8161544.0,false,1995-01-06
418,Gina,Seib,44,2281899.5,false,1977-11-08
419,Cristi,Gravley,59,6339384.5,false,2019-02-18
420,Maryam,Griffy,58,7072079.5,false,1998-10-18
421,Muriel,Varron,52,6259164.5,false,2002-09-08
422,Carrol,Mourning,31,8335370.0,false,1976-07-13
423,Yolando,Wooding,21,2273498.5,false,1980-02-28
424,Bridgette,Sankey,46,9318252.0,false,1981-09-28
425,Corine,Villandry,44,4239279.0,false,1972-07-11
426,Laquita,Mcateer,45,7294489.0,false,2021-10-14
427,Monika,Horras,30,6221843.5,false,1987-10-15
428,Corinne,Silvaggio,31,2822680.0,false,1996-05-25
429,Sharron,Rummell,47,4240199.5,false,1976-07-28
430,Rachele,Lebeaux,22,6452777.0,false,1997-02-22
431,Hortensia,Yamashiro,47,7546612.0,false,1984-04-11
432,Misti,Stoyanov,52,4160422.5,false,1983-09-10
433,Leisha,Nealer,52,5793324.0,false,2003-07-04
434,Sheryl,Inglish,24,7688834.0,false,2008-02-16
435,Suzan,Loree,37,551582.2,false,2005-02-20
436,Kali,Miesch,20,8975629.0,false,1980-03-02
437,Nickie,Errington,33,4766290.5,false,1998-06-04
438,Martin,Garlits,35,3478002.3,false,1973-07-29
439,Staci,Vasos,50,4346047.0,false,2020-08-09
440,Rae,Birkmaier,24,3869447.5,false,2016-02-08
441,Laureen,Kilmon,22,766819.3,false,2012-01-25
442,Sophia,Reifsnider,28,8958142.0,false,1983-01-22
443,Stephenie,Maldonaldo,32,3225627.3,false,1990-07-04
444,Enola,Prehoda,47,7011005.0,false,2010-08-08
445,Tanisha,Mckimmy,32,9201872.0,false,2003-12-24
446,Queen,Zodrow,35,5081607.5,false,1998-12-31
447,Marry,Pensa,42,6787129.0,false,2017-02-19
448,Pandora,Saputo,57,438346.5,false,2016-03-17
449,Etha,Leithauser,22,7405965.5,false,2009-12-23
450,Su,Farr,30,766650.0,false,1978-10-31
451,Michell,Galati,41,8329354.5,false,2004-09-11
452,Chery,Minney,38,1022880.8,false,1978-09-19
453,Tyler,Gosch,38,2596814.3,false,1994-06-11
454,Hyacinth,Malave,33,976085.1,false,1984-05-16
455,Jae,Surprenant,21,3831533.8,false,1975-10-02
456,Carina,Stuttgen,50,756141.6,false,2009-10-31
457,Gertrud,Hollywood,21,8528816.0,false,2010-04-14
458,Rocio,Boudinot,57,1388622.5,false,2015-12-30
459,Adella,Persch,39,4270452.5,false,1974-03-04
460,Holli,Westermann,56,2484322.3,false,2011-09-08
461,Elizabeth,Oesterle,25,7958483.0,false,1996-04-28
462,Whitney,Olalde,33,4441548.5,false,2009-12-21
463,Rachael,Kumpf,37,9637256.0,false,2017-12-13
464,Ciera,Ashby,33,1828348.8,false,2014-01-31
465,Debroah,Flye,28,2146824.5,false,1994-11-09
466,Darby,Chapman,23,3329542.5,false,2000-04-23
467,Elaine,Demora,48,2664114.3,false,2001-08-07
468,Paulene,Roughton,57,5869691.0,false,1995-02-28
469,Stephenie,Lazewski,22,6775063.5,false,2014-10-23
470,Ying,Falin,45,415173.9,false,2005-04-30
471,Katia,Cerroni,41,7694566.5,false,1975-12-23
472,Kathy,Cunio,52,4027216.0,false,2003-11-16
473,Suellen,Kleinsmith,26,4277168.5,false,1977-05-06
474,Daniela,Foppiano,26,6613353.0,false,1979-11-13
475,Loraine,Mihalak,27,1818957.1,false,2022-02-26
476,Lesley,Manfredi,59,5295147.0,false,2006-07-24
477,Hester,Appenzeller,58,313242.9,false,2006-06-18
478,Mayra,Hultquist,22,9688584.0,false,1995-12-09
479,Paris,Soledad,42,1686983.0,false,2002-11-05
480,Ariana,Finnley,58,6016785.5,false,2017-07-04
481,Elina,Rhyne,22,1336368.1,false,1970-10-11
482,Vanesa,Suran,47,5227344.5,false,1972-04-30
483,Sook,Bizzle,38,4506458.5,false,1995-02-07
484,Annett,Carland,54,4471943.5,false,2001-06-07
485,Jessie,Spart,26,841546.4,false,2011-05-24
486,Clemmie,Serfoss,37,1487365.0,false,2002-07-12
487,Willene,Peight,48,4180093.0,false,2001-08-30
488,Ebonie,Luckinbill,47,9013835.0,false,2002-06-03
489,Alix,Dewilde,39,8537278.0,false,1984-03-17
490,Mallory,Flickinger,37,4665875.5,false,1995-10-21
491,Kisha,Sanderfer,54,7441203.0,false,1999-10-24
492,Albina,Bessemer,42,2582048.0,false,1997-02-18
493,Dedra,Perrine,33,7798052.5,false,1983-06-28
494,Lucienne,Howkins,43,2354432.8,false,2007-03-26
495,Cora,Kormann,51,3838853.8,false,2018-08-21
496,Lizzie,Corkum,37,7342235.0,false,1982-05-19
497,Sammie,Brinkley,49,7999296.5,false,1981-10-22
498,Marlyn,Camelin,58,2159184.0,false,1995-10-06
499,Fannie,Sexauer,29,2672.9,false,1997-06-24
500,Shea,Standage,23,3308995.8,false,1981-10-13
501,Leora,Goehringer,47,9598164.0,false,1994-11-13
502,Katie,Avena,32,1172470.5,false,2004-10-25
503,Bobbi,Rennick,56,1882476.9,false,1989-11-17
504,Svetlana,Garbarini,55,525667.5,false,2007-04-07
505,Abbie,Harwood,41,2982269.8,false,2013-12-25
506,Latoyia,Lamy,41,3373324.8,false,2007-08-22
507,Dione,Valone,34,2612986.3,false,2017-12-08
508,Drucilla,Buckle,27,4148915.8,false,1996-01-20
509,Glenda,Ticknor,22,9521325.0,false,2018-03-15
510,Kay,Hincks,56,2645335.3,false,2006-09-24
511,Toshiko,Kingsberry,46,2557266.8,false,2003-07-12
512,Regena,Oh,30,1956568.1,false,2016-06-09
513,Christel,Pitz,47,3493419.3,false,2011-01-31
514,Renita,Joulwan,20,9988070.0,false,2012-09-12
515,Penny,Schiel,27,5009627.5,false,2020-06-28
516,Apryl,Dary,47,4280306.5,false,2018-10-20
517,Layla,Hamza,33,2191857.3,false,2005-07-25
518,Nicky,Deblauw,47,7316083.5,false,1980-01-12
519,Tyra,Kizzia,23,5641428.5,false,2006-08-05
520,Consuela,Lavey,56,3138609.0,false,2019-04-13
521,Larry,Teruel,50,9020412.0,false,2003-08-01
522,Ursula,Short,33,401549.1,false,1979-01-27
523,Denese,Macchia,47,7492085.0,false,1999-01-04
524,Vashti,Capitani,52,8329711.5,false,1991-07-21
525,Marline,Knopinski,43,3355649.5,false,1978-02-01
526,China,Donivan,23,9998343.0,false,2007-04-07
527,Venita,Anwar,43,3723295.5,false,1999-09-24
528,Sherryl,Kowalke,55,9570274.0,false,1989-06-10
529,Maryanna,Togashi,24,44178.1,false,1981-10-16
530,Annie,Shilkuski,39,5605653.0,false,1980-02-05
531,Jolene,Seanger,59,8706111.0,false,2021-04-13
532,Audry,Vandamme,50,3366775.5,false,2010-07-08
533,Felisha,Mohn,29,7350683.0,false,2001-04-21
534,Leatrice,Breitenbach,45,2706702.8,false,1975-03-21
535,Adriana,Hanisco,59,9779464.0,false,1992-11-28
536,Luna,Larusch,29,1567066.3,false,1991-03-21
537,Kimbery,Omullan,24,2053531.0,false,2014-10-24
538,Meaghan,Greenway,25,9326516.0,false,1986-05-22
539,Loriann,Deininger,36,633132.9,false,1983-06-23
540,Ima,Fetrow,37,817726.7,false,2019-07-07
541,Jennifer,Jimerson,54,3623974.3,false,1977-09-19
542,Freida,Courneya,21,9183629.0,false,1994-10-28
543,Suzy,Delaguardia,49,832357.6,false,2006-04-24
544,Vella,Rhein,34,3995339.0,false,2015-05-06
545,Syble,Strevell,30,9765245.0,false,2008-06-05
546,Odelia,Curran,58,145387.9,false,1987-10-31
547,Keshia,Grose,50,8187128.5,false,2008-03-05
548,Rosanna,Phinisee,30,9857026.0,false,2009-10-09
549,Charline,Totter,31,5710766.0,false,2010-06-26
550,Krissy,Woolf,50,4225512.0,false,1996-11-09
551,Chong,Macari,21,120385.1,false,1986-08-11
552,Bambi,Briski,49,2430057.0,false,2007-03-31
553,Faye,Hazel,58,8586013.0,false,2001-02-05
554,Bernice,Melso,50,6528382.0,false,2013-02-13
555,Johnna,Capano,58,5184104.0,false,2002-02-02
556,Jannie,Carlo,35,3990347.5,false,1975-10-19
557,Veola,Minkel,24,4674844.0,false,2001-04-18
558,Astrid,Scarpato,58,336451.2,false,1982-05-22
559,Yong,Alert,59,7843271.5,false,1983-12-19
560,Brett,Hilgers,52,3112971.5,false,2015-08-15
561,Renae,Frisch,48,7543965.0,false,1973-03-24
562,Victoria,Virella,23,4871840.5,false,1988-10-24
563,Sarah,Wahler,51,6844555.0,false,1987-06-09
564,Sylvie,Guieb,58,3725047.8,false,2019-11-16
565,Sophie,Chwieroth,34,931166.2,false,2019-11-06
566,Tracie,Orbin,36,657177.3,false,1970-01-05
567,Jewell,Poli,45,6778221.5,false,2017-03-11
568,Aileen,Schue,45,4004028.5,false,2003-03-11
569,Sheridan,Claar,38,18857.0,false,1976-10-09
570,Patsy,Lillo,37,4630834.5,false,1998-06-16
571,Nikia,Kiffe,47,7749379.0,false,1997-04-13
572,Lavonna,Eismont,43,9586069.0,false,1996-04-28
573,Haydee,Derenberger,57,5240007.0,false,2010-06-05
574,Nena,Myrum,32,6539695.0,false,1974-10-15
575,Adelaida,Fracier,25,4988475.0,false,2018-08-26
576,Mabel,Suffield,26,1433199.3,false,1985-08-24
577,Jina,Crehan,27,5083795.5,false,1979-10-06
578,Kandi,Luczki,41,1259223.0,false,2007-06-11
579,Nickole,Burkel,34,5423256.5,false,1982-04-12
580,Willette,Vidas,53,9656029.0,false,1984-08-04
581,Drucilla,Mecias,36,216746.0,false,1973-10-27
582,Leanna,Ganska,35,4905929.5,false,1986-09-15
583,Margot,Neuenfeldt,57,1806109.5,false,1971-02-27
584,Jina,Ingraffea,37,9024457.0,false,1995-02-10
585,Rochell,Roundy,46,481349.9,false,1994-12-28
586,Latrice,Brenda,54,2949816.0,false,1994-01-07
587,Else,Piel,30,4981624.5,false,1983-05-29
588,Camelia,Tribbett,31,3594632.5,false,1971-11-30
589,Wendy,Arrick,28,1311356.9,false,2014-12-29
590,Olene,Matrone,35,2303808.5,false,2001-04-16
591,Taneka,Licano,47,6919804.0,false,1989-05-30
592,Zella,Narcisse,57,340309.6,false,2004-12-08
593,George,Pian,25,7415298.0,false,2003-11-22
594,Sherri,Coonfare,28,3321351.8,false,1977-07-30
595,Barbra,Ellinghuysen,47,8512421.0,false,1978-10-15
596,Daryl,Paglia,42,5861468.0,false,1986-05-29
597,Kesha,Czubakowski,55,4007005.5,false,1997-11-08
598,Leta,Ceniceros,20,5320311.5,false,2003-04-28
599,Amberly,Reinholdt,44,6108308.5,false,1980-05-22
600,Flossie,Yerdon,51,814762.8,false,1980-12-30
601,Stacia,Shollenberger,37,3759416.5,false,1998-05-01
602,Lynnette,Piccard,31,8218291.5,false,2013-04-23
603,Alline,Mudra,55,7259889.5,false,1989-06-04
604,Edwina,Chioma,59,5035952.5,false,2005-03-13
605,Jessika,Hollabaugh,54,8584273.0,false,1987-12-30
606,Helen,Fon,47,5803925.5,false,1978-11-24
607,Tennille,Dagon,20,8847984.0,false,1976-11-29
608,Velia,Dathe,24,9330479.0,false,2016-11-19
609,Dovie,Warrick,46,7519539.0,false,2002-11-13
610,Marisa,Henegan,43,2818234.0,false,1983-07-21
611,Leeanne,Cruser,26,6345948.0,false,1975-05-06
612,Trish,Orielly,37,3618673.0,false,2002-04-26
613,Jo,Barbosa,52,258592.1,false,1970-10-12
614,Kristine,Beaureguard,22,5331499.0,false,1990-01-24
615,Tanja,Linington,54,7888812.0,false,2015-07-24
616,Amalia,Bebout,55,8046094.0,false,2022-01-25
617,Yuk,Lies,45,8484973.0,false,2009-03-06
618,Loan,Olevera,59,5493938.5,false,1980-11-02
619,Lorita,Zawacki,57,1369092.6,false,1997-05-26
620,Victoria,Pizzico,40,6318287.0,false,1986-01-25
621,Perla,Kouba,41,9173925.0,false,2001-07-16
622,Mattie,Schuckman,24,6852427.0,false,1978-08-05
623,Loma,Cress,50,9666162.0,false,2017-01-14
624,Margurite,Macko,38,9883120.0,false,1976-05-19
625,Ronald,Megahan,52,9442823.0,false,1975-11-26
626,Lane,Guzek,48,9270239.0,false,1979-04-24
627,Lynelle,Syversen,21,1128535.0,false,1993-09-02
628,Nannette,Atchinson,41,9275871.0,false,1985-10-03
629,Shakira,Wilabay,33,796884.4,false,2010-01-24
630,Janeen,Burklow,21,7902581.0,false,2011-06-03
631,Evangeline,Flenniken,30,8289441.0,false,2018-03-19
632,Marlen,Sontheimer,50,4529023.5,false,1971-03-06
633,Marcia,Giesing,31,9974159.0,false,1986-08-13
634,Alene,Howick,40,6764801.0,false,1998-03-18
635,Toby,Berube,52,4764001.0,false,2013-02-15
636,Susy,Stahoski,55,3972347.5,false,1980-08-30
637,Elnora,Glatter,31,318706.9,false,1973-10-24
638,Patrick,Ogen,59,1057427.3,false,1978-01-06
639,Liane,Zagel,53,2531742.0,false,1991-03-11
640,Autumn,Schmeltzer,37,2892096.5,false,2005-09-13
641,Agatha,Sine,39,5900551.0,false,1978-02-22
642,Abbie,Mauceri,22,8048753.0,false,2019-03-12
643,Glennis,Luman,38,1128548.8,false,1980-11-08
644,Lila,Grustas,35,7270525.5,false,2004-06-28
645,Barb,Beasly,30,544897.0,false,1989-05-20
646,Tequila,Layton,23,916243.3,false,1977-04-25
647,Marti,Chinzi,55,585748.9,false,1977-06-12
648,Mamie,Villaire,42,4818194.0,false,2020-04-20
649,Samantha,Sevick,27,9643165.0,false,2006-09-17
650,Cinda,Dannard,24,918922.3,false,1991-08-01
651,Hang,Delacerda,27,1281160.1,false,1978-02-19
652,Brittany,Donmore,58,4663857.0,false,2015-10-09
653,Geraldine,Ketchen,44,9540944.0,false,1991-07-25
654,Ila,Loverdi,34,8621109.0,false,2011-04-30
655,Dagmar,Gethers,20,8669083.0,false,2014-04-24
656,Larue,Carrero,46,3272365.3,false,1980-05-24
657,Rachell,Sannon,50,3136175.0,false,1981-05-30
658,Jessica,Farkus,51,8259906.0,false,1982-12-24
659,Marci,Nugen,57,5476211.5,false,2021-03-22
660,Chantell,Kist,53,1750523.0,false,2003-03-30
661,Elicia,Luttenegger,53,6975129.0,false,1988-04-18
662,Daina,Reinoso,50,1147927.8,false,1982-10-14
663,Breann,Clynes,53,8817767.0,false,1989-01-30
664,Zoe,Spoelstra,30,4354974.0,false,1989-01-16
665,Erinn,Dorrill,45,9078400.0,false,1985-09-07
666,Azucena,Magathan,40,271949.9,false,1994-08-16
667,Eve,Pencak,47,165975.7,false,1991-04-22
668,Brianne,Wemark,32,3367640.8,false,2017-06-07
669,Arleen,Deupree,25,8259.1,false,2016-11-15
670,Gricelda,Duda,28,5566213.5,false,1977-10-16
671,Marjory,Hambrecht,48,5693730.5,false,1974-04-25
672,Chaya,Amauty,59,5923415.0,false,2010-03-13
673,Trina,Dyron,32,3999395.3,false,1990-01-21
674,Cari,Bachorski,21,1841344.8,false,2021-09-30
675,Mana,Dahm,54,5809799.0,false,1984-01-14
676,Palma,Netland,26,1066895.6,false,2002-04-09
677,Rosalba,Torres,56,5141494.5,false,2007-01-25
678,Natasha,Pav,42,5135579.0,false,2010-04-15
679,Kandace,Farhat,49,8703738.0,false,2004-06-27
680,Laila,Foore,59,4667336.0,false,2013-05-21
681,Cher,Sunde,49,3346838.0,false,1982-12-15
682,Adelina,Volk,25,6168368.0,false,1977-04-22
683,Annabell,Monholland,54,8140658.0,false,1996-11-26
684,Usha,Cother,56,4728610.0,false,1982-02-10
685,Jazmin,Talsky,24,5285223.0,false,2004-06-25
686,Elina,Greig,47,7128785.5,false,1993-01-10
687,Maple,Dishner,34,9394812.0,false,1989-04-05
688,Celina,Gerbs,37,6330812.5,false,2008-07-08
689,Kiana,Vignarath,30,2760118.8,false,2009-05-28
690,Stacy,Laurito,31,1913051.0,false,2019-12-05
691,Abby,Schlabach,55,7066290.5,false,1984-11-03
692,Concepcion,Demus,33,7280213.5,false,1984-04-21
693,Ray,Grinter,39,8235585.0,false,1972-06-14
694,Williemae,Keliiholokai,29,2011593.3,false,2019-08-16
695,Shannan,Dudgeon,53,6627562.0,false,1998-01-16
696,Nadine,Atchity,40,2511538.0,false,1972-07-16
697,Desirae,Gangadyal,27,196216.1,false,1984-02-29
698,Evelin,Kirkendoll,39,6563738.5,false,1996-03-17
699,Irma,Gladue,42,6697745.5,false,2021-02-01
700,Buffy,Liedberg,37,1894609.4,false,1989-01-31
701,Arletta,Harnden,44,5161311.5,false,1985-06-22
702,Charleen,Overbeek,53,8740550.0,false,2021-01-30
703,Felipa,Gidden,45,885322.3,false,2001-06-14
704,Ella,Rain,56,6872370.0,false,2005-02-22
705,Flossie,Vollmar,53,2306612.0,false,2020-03-29
706,Celeste,Frieling,50,6836937.5,false,1991-09-30
707,Mandi,Trumps,28,8722944.0,false,1996-10-21
708,John,Gord,41,4241954.0,false,2021-03-04
709,Mona,Baum,58,6814272.5,false,1979-08-05
710,Katharine,Ruffell,45,4191629.0,false,1971-08-14
711,Elenore,Glas,53,7294444.0,false,1987-01-02
712,Emilie,Parler,39,2967344.5,false,1989-10-11
713,Doreen,Crooks,22,2965374.3,false,1980-02-16
714,Delisa,Lewis,38,2443161.5,false,1993-10-05
715,Selena,Halse,23,9006455.0,false,2007-12-11
716,Coreen,Shamburg,48,6729009.0,false,2002-01-31
717,Hanna,Tufano,55,413071.8,false,1992-03-20
718,Alisia,Ringelspaugh,36,1078790.4,false,1978-09-15
719,Armida,Tidball,34,222167.7,false,2003-09-21
720,Roxanna,Mccaffree,38,602776.9,false,2008-07-23
721,Kymberly,Twombley,36,479103.0,false,2001-11-29
722,Tamatha,Avendano,25,2183044.3,false,1977-11-28
723,Emiko,Schleibaum,54,8967383.0,false,1975-11-16
724,Delta,Topolansky,24,2928630.5,false,2015-07-06
725,Jackeline,Morgret,38,4098070.5,false,1986-05-14
726,Inger,Roanhorse,46,9242023.0,false,1974-10-03
727,Carley,Reif,47,1836135.3,false,1998-01-29
728,Antonina,Rekuc,28,2823437.5,false,1980-05-09
729,Maritza,Cheverton,59,9250379.0,false,2018-11-10
730,Gabriella,Cue,29,3332694.5,false,1977-08-24
731,Shelby,Lieber,58,3609249.3,false,2018-10-25
732,Natividad,Asiello,35,9214222.0,false,1980-05-07
733,Roseanna,Traviss,57,2099805.3,false,2000-06-19
734,Ashli,Murdick,40,2772678.5,false,2019-03-31
735,Julissa,Verhaag,33,1084853.9,false,1998-12-02
736,Kristi,Rieks,25,6220203.0,false,2004-08-04
737,Shauna,Mccary,25,4975051.5,false,2008-07-02
738,Lesa,Zimmer,50,7218989.5,false,1980-01-21
739,Socorro,Manely,33,9148132.0,false,2003-06-24
740,Michele,Rolen,52,9091997.0,false,2016-05-14
741,Marquetta,Tokkesdal,54,1302187.1,false,1995-11-16
742,Iluminada,Rehmann,53,2040415.8,false,2019-06-10
743,Hana,Freker,53,1468129.5,false,2001-12-17
744,Madaline,Parrent,49,91573.3,false,1991-11-01
745,Evan,Hurtis,25,810851.9,false,2005-05-19
746,Corine,Intrieri,44,9092661.0,false,1999-07-12
747,Barbie,Waren,39,1874560.4,false,1972-07-23
748,Britney,Borsari,20,7194546.5,false,2017-04-28
749,Cecil,Beachum,22,6374528.5,false,2001-03-09
750,Vella,Beckley,47,7652091.5,false,1988-12-17
751,Carli,Bowan,48,6434500.5,false,1996-05-03
752,Hiroko,Ashmore,51,2484220.3,false,1981-09-12
753,Jeannine,Meditz,58,1254083.8,false,2012-07-11
754,Lindy,Belasco,57,2293026.0,false,2019-02-15
755,Dori,Hoglund,56,7995509.0,false,2019-09-07
756,Evangelina,Kroner,53,9084440.0,false,1984-11-26
757,Mira,Fasy,49,171321.1,false,2021-09-11
758,Catharine,Taneja,33,9507361.0,false,2004-08-30
759,Minnie,Askin,21,7532161.0,false,1989-01-01
760,Michelle,Kazin,20,1774299.9,false,2021-08-06
761,Jerri,Brechbiel,54,275247.5,false,2007-05-19
762,Caitlin,Mammenga,54,6941154.0,false,1989-06-09
763,Jana,Schue,30,205638.0,false,2014-11-01
764,Gwenn,Russello,34,8831533.0,false,2006-07-13
765,Ashlie,Steurer,57,1184462.4,false,1972-05-06
766,Ma,Toone,54,5813747.5,false,1990-09-09
767,Alethea,Trometter,41,4512963.0,false,1975-03-21
768,Julissa,Taula,33,7421300.0,false,1975-01-25
769,Rosamond,Prunier,52,3335699.0,false,1983-08-13
770,Min,Boroff,47,22390.6,false,1987-12-08
771,Rosana,Beadle,56,85246.3,false,2007-03-17
772,Chastity,Books,59,3568324.5,false,1983-09-02
773,Isela,Gonyer,35,3307506.5,false,2021-01-29
774,Jerri,Reuer,26,3083410.0,false,1970-05-15
775,Inell,Speaker,44,6660972.0,false,1970-11-11
776,Madeline,Hawke,58,9862729.0,false,1983-06-15
777,Inocencia,Tamimi,53,4641366.0,false,1995-12-26
778,Marylin,Varro,31,4352889.5,false,1995-12-01
779,Carole,Slevin,31,2295541.0,false,1982-01-27
780,Myrtice,Mccadden,49,8502880.0,false,2007-10-09
781,Deborah,Norrie,29,3822620.3,false,2017-08-29
782,Janna,Dezzutti,37,8690617.0,false,1978-05-19
783,Glennie,Kettmann,22,3317483.8,false,1973-07-17
784,Charolette,Corrado,52,529527.1,false,2015-08-13
785,Coreen,Schneck,31,6096161.0,false,2015-12-01
786,Marguerita,Winchel,56,4339082.5,false,1991-08-13
787,Lauri,Axtman,37,8302133.0,false,1994-10-15
788,Williemae,Raposo,55,4176746.0,false,1979-10-05
789,Silvia,Tonetti,29,4619385.0,false,1993-04-06
790,Idella,Fitzsimmons,36,7264010.5,false,2009-07-01
791,Lan,Maeder,32,7769927.0,false,2004-05-07
792,Portia,Economy,51,1722.9,false,1994-05-04
793,Hilde,Droessler,42,4285701.0,false,1985-04-30
794,Amina,Picetti,49,7934731.0,false,1972-08-18
795,Ashley,Alnutt,20,7967711.5,false,1975-06-10
796,Sung,Chevas,44,9429828.0,false,2006-05-14
797,Judith,Ausby,56,3712607.0,false,1973-05-06
798,Manda,Osendorf,44,6301383.5,false,2003-12-07
799,Janene,Kordowski,54,7429779.5,false,2018-04-27
800,Harriett,Boushie,40,4253396.0,false,1995-04-17
801,Tesha,Krail,26,90178.1,false,1978-01-01
802,Johnetta,Mensch,56,4139724.5,false,1997-11-12
803,Anastacia,Kluber,55,2815089.5,false,1986-05-01
804,Alline,Hole,41,8900050.0,false,2011-05-30
805,Anglea,Andracki,22,970102.0,false,1984-12-18
806,Colette,Paulding,30,892585.0,false,1996-05-08
807,Lanita,Montemarano,53,4863940.5,false,2010-06-18
808,Devon,Dupuis,44,6007853.5,false,1988-10-14
809,Katina,Hirata,54,4053505.5,false,2003-01-23
810,Clare,Eckler,20,7763607.0,false,1973-10-06
811,Tabitha,Curboy,25,3540818.5,false,1983-12-25
812,Randee,Brunecz,36,2029927.0,false,2004-02-19
813,Chantelle,Crocker,42,7884068.5,false,2004-07-13
814,Abbey,Teque,51,5002872.5,false,1985-07-04
815,Gayla,Isaksen,30,6549544.5,false,1997-03-13
816,Candy,Ellie,29,2449183.5,false,1997-06-23
817,Raina,Smitherman,49,8661246.0,false,1980-01-30
818,Janet,Slack,22,8067303.0,false,1998-05-03
819,Trinity,Berlin,48,3531218.5,false,1997-02-28
820,Earnestine,Mcclintic,21,534630.5,false,2004-11-01
821,Jacqualine,Hernando,34,9553473.0,false,2016-07-08
822,Phuong,Castagna,43,9213811.0,false,2020-09-20
823,Ramonita,Doriean,57,4141839.0,false,2001-06-23
824,Sadie,Mahala,52,5795139.0,false,2005-10-11
825,Judith,Kaba,47,9452947.0,false,1971-08-16
826,Deloris,Vorkink,41,792024.8,false,1989-05-21
827,Starla,Roscioli,54,6783519.0,false,2017-08-31
828,Malisa,Goetzke,22,9956498.0,false,1991-07-10
829,Laila,Suran,28,980602.7,false,2004-12-01
830,Lupe,Parkhouse,55,4434252.5,false,1978-04-04
831,Phyliss,Tramonti,57,1175040.5,false,1986-02-25
832,Chanelle,Josselyn,49,7725636.5,false,2018-02-20
833,Dionne,Marungo,57,6449894.5,false,2009-12-30
834,Karol,Chicalace,23,5799074.5,false,2006-01-20
835,Denese,Maysonet,51,4888581.5,false,1994-11-23
836,Maryellen,Strub,42,6491034.5,false,1975-10-05
837,Lashunda,Tenerowicz,50,5865035.5,false,2017-06-29
838,Jesusa,Fratus,59,8939728.0,false,2016-08-27
839,Lyndsay,Richbourg,44,972979.4,false,1981-12-12
840,Felecia,Wilding,24,3971747.5,false,2007-11-11
841,Tanja,Coop,30,7274759.0,false,2011-05-04
842,Viviana,Vidas,51,6478634.0,false,1985-02-11
843,Yung,Santoy,52,9247520.0,false,1987-06-28
844,Daria,Mcclarty,20,1379314.4,false,1991-05-29
845,Lacey,Burdon,47,1460963.4,false,1996-02-02
846,Debra,Greb,33,2330020.0,false,1980-03-15
847,Latonia,Harnist,34,5893322.5,false,2002-12-07
848,Luetta,Perzanowski,37,4789923.5,false,1970-01-17
849,Sammie,Reitmeyer,52,8543087.0,false,2005-09-27
850,Cristen,Kuwahara,39,7073724.5,false,1978-01-23
851,Myrtice,Freimuth,26,9648459.0,false,2021-08-17
852,Stephane,Blunkall,27,6982598.0,false,2002-01-10
853,Evangelina,True,58,7082592.0,false,1985-08-22
854,Caren,Sablea,30,5741656.5,false,1992-03-29
855,Zulma,Sliffe,59,3375047.3,false,1990-08-25
856,Rebecka,Motonaga,54,6747780.5,false,1972-04-05
857,Hayley,Josten,21,6075233.5,true,2012-05-09
858,Desirae,Korsen,26,4778548.0,false,2005-05-18
859,Louvenia,Lacaille,27,7783644.5,false,2002-08-30
860,Adrianna,Lafone,32,858353.3,false,1970-08-01
861,Jettie,Chabez,29,9865416.0,false,1989-06-24
862,Laurel,Olivo,57,678496.4,false,2021-02-24
863,Althea,Bullara,20,734379.1,false,2022-01-29
864,Jacinta,Oppelt,34,3642154.3,false,1978-06-26
865,Hattie,William,26,2402035.0,false,2015-05-16
866,Johna,Hallin,43,5502131.5,false,1989-06-20
867,Gaye,Notestine,59,6158844.5,false,1980-10-09
868,Tori,Heimark,20,3243645.3,false,1993-10-06
869,Hilary,Rushenberg,34,981869.8,false,2020-09-28
870,Arianne,Mathre,39,8769918.0,false,2018-05-18
871,Lupe,Shinsel,20,5457721.0,false,1977-12-24
872,Cody,Wholly,31,9993085.0,false,1982-08-04
873,Kari,Hochstatter,49,1073953.4,false,2014-01-05
874,Pamala,Breitbach,37,8615198.0,false,1975-01-29
875,Mitzi,Schoebel,49,1760861.5,false,1993-11-19
876,Royce,Taskey,50,2224854.5,false,1991-10-30
877,Kaye,Kuszynski,49,8839578.0,false,1978-10-24
878,Alanna,Bleything,53,273088.3,false,1981-06-10
879,Shanell,Kurian,31,8028988.5,false,1973-12-20
880,Ann,Guisinger,50,9527518.0,false,2022-02-14
881,Johna,Bellrichard,22,4039238.8,false,1998-06-06
882,Meta,Trieger,49,786994.0,false,1978-01-25
883,Mayra,Cresswell,57,5281893.5,false,1986-07-26
884,Kellye,Donehoo,26,8177752.0,false,1991-09-02
885,Carolann,Schlimmer,29,4875186.0,false,2014-09-27
886,Jannet,Midgette,50,5309001.5,false,2008-02-15
887,Precious,Sue,42,9942195.0,false,2004-05-01
888,Luna,Tebbs,30,6600579.5,false,2016-10-27
889,Julianna,Theodorov,41,2548962.3,false,2005-06-21
890,Reyna,Harclerode,24,1415716.6,false,2014-02-06
891,Lelia,Turnpaugh,20,6381686.0,false,1991-01-16
892,Retha,Paoletti,40,6078485.0,false,2010-06-16
893,Nicolette,Bora,26,6609090.5,false,2009-10-02
894,Carolina,Stansifer,23,7079668.0,false,1978-03-15
895,Renita,Mcglumphy,35,485692.3,true,2010-09-28
896,Louella,Grossen,47,5394970.5,false,2009-12-01
897,Joseph,Delisio,33,8892722.0,false,1983-10-07
898,Bambi,Rumple,55,4068153.0,false,2010-04-22
899,Lia,Burlison,39,8429974.0,false,1983-06-13
900,Bernice,Bently,30,5228594.5,false,2011-09-12
901,Ethelene,Yorck,20,6008697.5,false,1991-07-30
902,Hanh,Wadhams,41,2860605.0,false,2021-02-01
903,Thao,Watrs,32,9094169.0,false,1992-01-25
904,Zenobia,Duitch,22,5060420.0,false,1994-01-25
905,Shawn,Philley,48,424368.8,false,2021-10-11
906,Emelia,Readnour,52,1991979.9,false,2000-04-17
907,Cristin,Morna,40,5243423.5,false,1995-03-08
908,Juliette,Denetclaw,57,4463717.5,false,1992-12-15
909,Bethel,Engelhardt,53,7865621.0,false,1976-12-15
910,Larisa,Hogg,59,6517103.0,false,1980-10-03
911,Vesta,Tribe,26,7463695.0,false,1970-12-19
912,Nikia,Helmlinger,48,5845457.0,false,1980-01-29
913,Shawnna,Ahimud,56,7259153.5,false,1991-06-20
914,Yessenia,Savini,52,3319937.5,false,1997-10-07
915,Kathie,Hazell,38,7069267.0,false,2012-04-24
916,Kitty,Salois,55,8062199.0,false,1997-02-22
917,Margarette,Hustus,35,6581390.5,false,1996-10-16
918,Carman,Sulivan,20,3153665.5,false,1977-06-19
919,Melba,Crosthwaite,27,9181820.0,false,2010-01-19
920,Rutha,Ankenman,39,9200342.0,false,1977-06-02
921,Hyacinth,Ausherman,45,6145981.0,false,2021-03-10
922,Jimmie,Etringer,37,2045444.1,false,2010-12-17
923,Fannie,Buboltz,53,2517310.8,false,1980-06-13
924,Junita,Poor,51,4924602.5,false,2020-01-12
925,Shani,Shimomura,36,1525156.5,false,1972-08-03
926,Liana,Wilkson,25,270274.6,false,2007-01-06
927,Doloris,Bordwell,26,7150141.5,false,2010-11-20
928,Janine,Krakowski,50,4733935.5,false,2017-03-27
929,Cody,Laramore,21,2973255.0,false,2006-04-15
930,Kristina,Leota,34,8353171.5,false,1971-09-16
931,Young,Nair,30,8313114.5,false,1978-11-09
932,Novella,Northrup,32,7381910.5,false,2020-01-25
933,Thalia,Dangerfield,30,933209.3,false,2020-09-07
934,Marta,Miyose,42,8695640.0,false,2016-02-26
935,Bess,Sly,44,4205300.5,false,2014-05-25
936,Noelia,Rikard,21,1052377.4,false,1981-04-30
937,Drusilla,Goltra,29,5413780.5,false,2011-01-24
938,Aundrea,Chaderton,38,8881708.0,false,1990-11-21
939,Carina,Wunderle,32,525960.7,false,1989-01-16
940,Sasha,Colavito,32,2523488.0,false,2019-02-28
941,Arie,Snerling,24,7882214.5,false,2006-08-08
942,Bernadine,Trevethan,47,7184866.5,false,2011-10-09
943,Queenie,Levi,39,3568939.5,false,1998-04-21
944,Iesha,Reamy,39,8464004.0,false,2016-08-03
945,Pa,Chasen,57,2452670.0,false,1988-03-18
946,Hildred,Sender,49,9865423.0,false,1977-01-01
947,Fonda,Ghekiere,45,5936718.0,false,1990-07-21
948,Sharron,Haspel,33,9492883.0,false,1972-02-17
949,Tessie,Pleas,21,2640342.0,false,2012-06-29
950,Carri,Spoerer,57,544571.6,false,1975-10-02
951,Gertha,Putalavage,58,5265802.0,false,1981-09-01
952,Luise,Flad,50,9891690.0,false,2014-02-08
953,Jaye,Carrington,37,8519125.0,false,1995-08-26
954,Marica,Yagoda,28,3131139.0,false,1986-11-18
955,Bennie,Balash,33,6876955.5,false,2018-03-07
956,Carmella,Lantieri,21,3187962.8,false,2019-03-08
957,Wilda,Ilasin,50,9951073.0,false,2010-10-17
958,Pia,Cusumano,23,2194886.5,false,2019-05-04
959,Danita,Singletary,23,9443191.0,false,1980-08-25
960,Maurice,Rolson,39,4244579.0,false,2006-04-03
961,Vena,Jaskolski,32,4560233.0,false,2010-01-08
962,Santana,Wasiuta,46,7233015.5,false,1972-07-31
963,Macie,Wendell,38,9996517.0,false,2018-03-01
964,Kaitlin,Villano,30,9471358.0,false,2010-10-06
965,Ruthie,Scharbrough,55,2368930.3,false,2005-11-10
966,Elanor,Henkensiefken,47,4262278.5,false,2002-07-21
967,Tamekia,Pancholi,42,6476934.0,false,1996-06-23
968,Evan,Grothoff,56,4069832.5,false,1975-09-17
969,Edda,Deidrick,48,3640091.0,false,2004-07-22
970,Phyliss,Agerter,43,9292512.0,false,1984-04-20
971,Floretta,Goodaker,46,2254441.3,false,1972-12-22
972,Syble,Mastalski,53,1519059.5,false,1976-11-11
973,Venita,Mccaine,23,3429478.0,false,1977-09-03
974,Velma,Famy,37,1624814.4,false,1996-03-25
975,Alda,Geigel,40,400447.7,false,2015-10-16
976,Christina,Israelsen,27,9371304.0,false,2015-09-21
977,Karrie,Kamerad,33,1034074.1,false,1976-01-14
978,Dionna,Zipperer,45,4261335.5,false,1991-12-22
979,Phyllis,Mildenberger,55,5287462.5,false,1993-05-25
980,Nicky,Chafetz,57,9387678.0,false,2007-03-16
981,Yee,Vient,24,6326069.5,false,2009-10-16
982,Euna,Fermo,21,6385545.0,false,1992-11-03
983,Arline,Silovich,32,839029.6,false,1990-07-31
984,Tereasa,Gollwitzer,58,2897703.5,false,2014-01-25
985,Deidre,Kastens,42,9222415.0,false,1980-08-01
986,Shasta,Bonaccorso,28,3941052.3,false,2003-02-10
987,Jazmine,Schowalter,54,417256.3,false,1986-06-17
988,Audra,Quilliam,33,6796070.5,false,2013-01-13
989,Chelsey,Botticello,24,5263486.5,false,1972-07-23
990,Marge,Buist,25,9284784.0,false,1970-03-09
991,Marlana,Raguay,23,6896549.5,false,1972-08-02
992,Berniece,Woolworth,51,5163876.0,false,1999-04-19
993,Adria,Ransom,54,5970310.5,false,1993-11-19
994,Debrah,Mehringer,43,6498756.5,false,2021-01-19
995,Alissa,Tubbs,31,317644.8,false,2019-02-17
996,Kyle,Osmanski,38,8425993.0,false,2001-04-14
997,Marci,Huskinson,44,9434011.0,false,1985-08-15
998,Kasandra,Stepnoski,37,4271256.0,false,2007-08-19
999,Chrystal,Deichman,56,2870502.5,false,1971-12-14
